IDX,X,Y,TYPE,SPEED,DIRTYPE,DIRECTION
1500000000,39.9904870,43.3910150,1,0,0,0
1500000001,39.9947790,43.3925830,1,0,0,0
1500000002,39.9925870,43.3974760,1,0,0,0
1500000003,39.9941040,43.3980180,1,0,0,0
1500000004,39.9832760,43.3983340,3,0,0,0
1500000005,39.9754500,43.3984010,1,0,0,0
1500000006,39.9529210,43.3995040,1,0,0,0
1500000007,39.9770800,43.4005310,1,0,0,0
1500000008,39.9995820,43.4009660,1,0,0,0
1500000009,39.9953571,43.4009942,1,0,0,0
1500000010,39.9621470,43.4024110,1,0,0,0
1500000011,39.9797800,43.4036980,1,0,0,0
1500000012,39.9468900,43.4048740,1,0,0,0
1500000013,39.9468920,43.4048740,1,0,0,0
1500000014,39.9718850,43.4049340,1,0,0,0
1500000015,39.9973650,43.4064070,1,0,0,0
1500000016,39.9877930,43.4064940,1,0,0,0
1500000017,39.9736110,43.4066550,3,0,0,0
1500000018,39.9874230,43.4077400,1,0,0,0
1500000019,39.9852100,43.4080620,1,0,0,0
1500000020,39.9597910,43.4090410,3,0,0,0
1500000021,39.9741220,43.4108470,1,0,0,0
1500000022,39.9807210,43.4109160,1,0,0,0
1500000023,39.9531520,43.4109327,3,0,0,0
1500000024,39.9784780,43.4110330,1,0,0,0
1500000025,39.9433970,43.4116900,1,0,0,0
1500000026,39.9399430,43.4132320,1,0,0,0
1500000027,39.9758710,43.4133090,1,0,0,0
1500000028,39.9481100,43.4137860,1,0,0,0
1500000029,39.9396640,43.4160340,1,0,0,0
1500000030,39.9715510,43.4160490,1,0,0,0
1500000031,39.9493790,43.4165560,1,0,0,0
1500000032,39.9672570,43.4167410,1,0,0,0
1500000033,39.9492530,43.4171100,1,0,0,0
1500000034,39.9403700,43.4173070,1,0,0,0
1500000035,39.9512830,43.4175460,1,0,0,0
1500000036,39.9421610,43.4191350,1,0,0,0
1500000037,39.9617705,43.4195460,1,0,0,0
1500000038,39.9550489,43.4197260,1,0,0,0
1500000039,39.9387840,43.4217160,1,0,0,0
1500000040,39.9415734,43.4223701,1,0,0,0
1500000041,39.9367660,43.4278750,1,0,0,0
1500000042,39.9204920,43.4292770,1,0,0,0
1500000043,39.9169430,43.4309370,1,0,0,0
1500000044,39.9230900,43.4319500,1,0,0,0
1500000045,39.9176650,43.4339690,1,0,0,0
1500000046,39.9381590,43.4340180,1,0,0,0
1500000047,39.9384540,43.4342050,1,0,0,0
1500000048,39.9316090,43.4359290,1,0,0,0
1500000049,39.9119190,43.4374740,1,0,0,0
1500000050,39.9177700,43.4401630,1,0,0,0
1500000051,39.9164310,43.4404980,1,0,0,0
1500000052,39.9229150,43.4421580,1,0,0,0
1500000053,39.9278350,43.4460170,1,0,0,0
1500000054,39.9332800,43.4481720,1,0,0,0
1500000055,39.9395020,43.4497520,1,0,0,0
1500000056,39.9470090,43.4503470,1,0,0,0
1500000057,39.9504800,43.4515570,1,0,0,0
1500000058,39.9049500,43.4518900,1,0,0,0
1500000059,39.9041490,43.4549980,1,0,0,0
1500000060,39.9002840,43.4675340,1,0,0,0
1500000061,39.9886710,43.4870010,1,0,0,0
1500000062,39.8542900,43.5184370,1,0,0,0
1500000063,39.8539670,43.5184390,1,0,0,0
1500000064,39.8096500,43.5363700,1,0,0,0
1500000065,40.0003910,43.5423210,1,0,0,0
1500000066,39.7932580,43.5433920,1,0,0,0
1500000067,39.7937410,43.5577130,1,0,0,0
1500000068,39.7498250,43.5654330,1,0,0,0
1500000069,39.7448600,43.5663510,1,0,0,0
1500000070,39.7447300,43.5664200,1,0,0,0
1500000071,39.7401000,43.5689750,1,0,0,0
1500000072,39.7400430,43.5691550,1,0,0,0
1500000073,39.7394260,43.5692610,1,0,0,0
1500000074,39.7353170,43.5722690,1,0,0,0
1500000075,39.7354210,43.5723040,1,0,0,0
1500000076,39.7353480,43.5723130,1,0,0,0
1500000077,39.7349950,43.5723570,1,0,0,0
1500000078,39.7313920,43.5752000,1,0,0,0
1500000079,39.7303030,43.5758550,1,0,0,0
1500000080,39.7298620,43.5761540,1,0,0,0
1500000081,39.7281550,43.5775260,1,0,0,0
1500000082,39.7278800,43.5778020,1,0,0,0
1500000083,39.7276680,43.5779770,1,0,0,0
1500000084,39.7271950,43.5780900,1,0,0,0
1500000085,39.7238610,43.5846710,1,0,0,0
1500000086,39.7184620,43.5850060,3,0,0,0
1500000087,39.7263620,43.5876650,1,0,0,0
1500000088,39.7268010,43.5892110,1,0,0,0
1500000089,39.7265950,43.5892400,1,0,0,0
1500000090,39.7266010,43.5895010,1,0,0,0
1500000091,39.7268940,43.5896160,1,0,0,0
1500000092,39.7271280,43.5920160,3,0,0,0
1500000093,39.7276030,43.5924440,3,0,0,0
1500000094,39.7276350,43.5928350,3,0,0,0
1500000095,39.7278440,43.5928420,3,0,0,0
1500000096,39.7279200,43.5932490,3,0,0,0
1500000097,39.7176360,43.5932710,1,0,0,0
1500000098,39.7283330,43.5934730,1,0,0,0
1500000099,39.7282780,43.5935840,1,0,0,0
1500000100,39.7212370,43.5946210,1,0,0,0
1500000101,39.7314720,43.5947350,1,0,0,0
1500000102,39.7277900,43.5983200,1,0,0,0
1500000103,39.7317300,43.6120000,1,0,0,0
1500000104,39.7167990,43.6240600,1,0,0,0
1500000105,39.7173960,43.6274540,1,0,0,0
1500000106,39.7157420,43.6285540,1,0,0,0
1500000107,39.7478550,43.6300990,1,0,0,0
1500000108,39.7481450,43.6301560,1,0,0,0
1500000109,39.7147900,43.6305290,1,0,0,0
1500000110,39.6914950,43.6485110,1,0,0,0
1500000111,39.6513330,43.6591170,1,0,0,0
1500000112,39.6579560,43.6600350,1,0,0,0
1500000113,39.6580200,43.6602000,1,0,0,0
1500000114,39.6610820,43.6605400,1,0,0,0
1500000115,39.6606940,43.6606630,1,0,0,0
1500000116,39.6873690,43.6614180,1,0,0,0
1500000117,39.6807060,43.6619890,1,0,0,0
1500000118,39.6705290,43.6621010,1,0,0,0
1500000119,39.6705500,43.6621050,1,0,0,0
1500000120,39.6710440,43.6622990,1,0,0,0
1500000121,39.6362930,43.6644650,1,0,0,0
1500000122,40.2678610,43.6835410,1,0,0,0
1500000123,40.2562340,43.6844850,1,0,0,0
1500000124,39.5961560,43.6874430,1,0,0,0
1500000125,39.5752410,43.7215290,1,0,0,0
1500000126,39.4218560,43.8322010,1,0,0,0
1500000127,39.4008990,43.8780820,1,0,0,0
1500000128,39.3750850,43.8850180,1,0,0,0
1500000129,39.3476580,43.8966660,1,0,0,0
1500000130,39.3449610,43.8985570,1,0,0,0
1500000131,39.3373200,43.9053900,1,0,0,0
1500000132,39.3312900,43.9083780,1,0,0,0
1500000133,39.3393860,43.9120340,1,0,0,0
1500000134,39.3142890,43.9253880,1,0,0,0
1500000135,39.3077510,43.9302220,1,0,0,0
1500000136,39.3061730,43.9461560,1,0,0,0
1500000137,39.2794110,43.9551950,1,0,0,0
1500000138,39.2600270,43.9632780,1,0,0,0
1500000139,39.2342370,43.9837630,1,0,0,0
1500000140,39.1679310,44.0162290,1,0,0,0
1500000141,39.1587440,44.0292190,1,0,0,0
1500000142,39.1584600,44.0316620,1,0,0,0
1500000143,40.8913110,44.0380200,1,0,0,0
1500000144,40.8372700,44.1010400,1,0,0,0
1500000145,39.0582520,44.1028810,1,0,0,0
1500000146,40.7860500,44.1051600,1,0,0,0
1500000147,39.0756800,44.1054100,1,0,0,0
1500000148,40.7865700,44.1055500,1,0,0,0
1500000149,40.7873800,44.1066400,1,0,0,0
1500000150,39.0808850,44.1070280,1,0,0,0
1500000151,39.0976380,44.1124170,1,0,0,0
1500000152,39.1031420,44.1150050,1,0,0,0
1500000153,39.0653800,44.1158100,1,0,0,0
1500000154,40.8118300,44.1317100,1,0,0,0
1500000155,39.0529820,44.1374130,1,0,0,0
1500000156,39.0149710,44.1508910,1,0,0,0
1500000157,38.9966010,44.1657810,1,0,0,0
1500000158,40.8408410,44.1709710,1,0,0,0
1500000159,38.9451590,44.1769710,1,0,0,0
1500000160,38.9454440,44.1771520,1,0,0,0
1500000161,40.8517100,44.2076600,1,0,0,0
1500000162,41.2960500,44.2230300,1,0,0,0
1500000163,41.3085700,44.2253800,1,0,0,0
1500000164,38.8937050,44.2403530,1,0,0,0
1500000165,38.8887410,44.2407770,1,0,0,0
1500000166,41.3805300,44.2438200,1,0,0,0
1500000167,38.8908430,44.2439830,1,0,0,0
1500000168,41.1562090,44.2487250,1,40,0,0
1500000169,41.1396900,44.2506300,1,0,0,0
1500000170,38.8315070,44.2549430,1,0,0,0
1500000171,41.4007200,44.2551500,1,0,0,0
1500000172,38.8285450,44.2593350,1,0,0,0
1500000173,38.8223410,44.2599570,1,0,0,0
1500000174,38.8217130,44.2606140,1,0,0,0
1500000175,41.4182300,44.2662100,1,0,0,0
1500000176,40.8698910,44.2706410,1,0,0,0
1500000177,38.7987170,44.2762790,1,0,0,0
1500000178,38.7845540,44.2849470,1,0,0,0
1500000179,38.7500720,44.3010510,1,0,0,0
1500000180,38.7355300,44.3011800,1,0,0,0
1500000181,38.7360300,44.3015600,1,0,0,0
1500000182,40.8401800,44.3494600,1,0,0,0
1500000183,38.6665800,44.3533000,1,0,0,0
1500000184,38.6665900,44.3533000,1,0,0,0
1500000185,39.8151000,44.3543600,1,0,0,0
1500000186,41.5103610,44.3670110,1,0,0,0
1500000187,41.5361300,44.3679300,1,0,0,0
1500000188,38.7261570,44.3685650,1,0,0,0
1500000189,38.7261600,44.3685700,1,0,0,0
1500000190,38.6255410,44.3711510,1,0,0,0
1500000191,38.5854680,44.3717660,1,0,0,0
1500000192,38.3858110,44.3719610,1,0,0,0
1500000193,41.5272500,44.3822500,1,0,0,0
1500000194,38.3453310,44.3826410,1,0,0,0
1500000195,41.5077100,44.3842600,1,0,0,0
1500000196,41.5139850,44.3866920,1,0,0,0
1500000197,38.7296310,44.3871010,1,0,0,0
1500000198,38.7295510,44.3875210,1,0,0,0
1500000199,40.8163100,44.3893800,1,0,0,0
1500000200,41.5073920,44.3902210,1,0,0,0
1500000201,38.5288710,44.3914560,1,0,0,0
1500000202,40.8034800,44.3981500,1,0,0,0
1500000203,40.8091750,44.3994770,1,0,0,0
1500000204,41.5210660,44.3997520,1,0,0,0
1500000205,39.6064310,44.4062310,1,0,0,0
1500000206,39.6029110,44.4090810,1,0,0,0
1500000207,40.8041500,44.4111600,1,0,0,0
1500000208,41.5080300,44.4124300,1,0,0,0
1500000209,41.5084300,44.4175900,1,0,0,0
1500000210,40.8218200,44.4208300,1,0,0,0
1500000211,39.6317400,44.4216800,1,0,0,0
1500000212,40.7904400,44.4268300,1,0,0,0
1500000213,38.7669300,44.4303510,1,0,0,0
1500000214,38.7673900,44.4306310,1,0,0,0
1500000215,38.7810890,44.4310220,1,0,0,0
1500000216,41.5012600,44.4318200,1,0,0,0
1500000217,39.5276400,44.4350100,1,0,0,0
1500000218,39.7760300,44.4381200,1,0,0,0
1500000219,39.7504310,44.4401810,1,0,0,0
1500000220,38.4646210,44.4415710,1,0,0,0
1500000221,40.8211100,44.4420300,1,0,0,0
1500000222,39.6637500,44.4427100,1,0,0,0
1500000223,38.7877260,44.4450140,1,0,0,0
1500000224,38.7874520,44.4450790,1,0,0,0
1500000225,38.7879150,44.4459560,1,0,0,0
1500000226,39.8315810,44.4467610,1,0,0,0
1500000227,39.7258100,44.4484700,1,0,0,0
1500000228,39.7319570,44.4518640,1,0,0,0
1500000229,38.3717300,44.4563760,1,0,0,0
1500000230,39.7171920,44.4606910,1,0,0,0
1500000231,39.7446400,44.4612700,1,0,0,0
1500000232,39.6888310,44.4617910,1,0,0,0
1500000233,39.7274600,44.4621100,1,0,0,0
1500000234,39.7033000,44.4643400,1,0,0,0
1500000235,39.7396600,44.4648200,1,0,0,0
1500000236,39.7104800,44.4656100,1,0,0,0
1500000237,38.8679220,44.4659550,1,0,0,0
1500000238,41.0320900,44.4671300,1,0,0,0
1500000239,39.7392000,44.4676300,1,0,0,0
1500000240,38.2170500,44.4695100,1,0,0,0
1500000241,38.8798210,44.4706290,1,0,0,0
1500000242,38.4291790,44.4712810,1,0,0,0
1500000243,38.4003310,44.4714110,1,0,0,0
1500000244,38.3993110,44.4718410,1,0,0,0
1500000245,38.2146100,44.4739600,1,0,0,0
1500000246,39.7221000,44.4785600,1,0,0,0
1500000247,38.8980140,44.4929550,1,0,0,0
1500000248,38.9027770,44.4953070,1,0,0,0
1500000249,41.4530200,44.5042200,1,0,0,0
1500000250,39.7215010,44.5043610,1,0,0,0
1500000251,38.3236410,44.5079810,1,0,0,0
1500000252,38.1366720,44.5096890,1,0,0,0
1500000253,41.4185400,44.5198100,1,0,0,0
1500000254,38.1368600,44.5202600,1,0,0,0
1500000255,39.7129400,44.5224700,1,0,0,0
1500000256,38.1370000,44.5270400,1,0,0,0
1500000257,41.4380410,44.5318810,1,0,0,0
1500000258,39.7052810,44.5334410,1,0,0,0
1500000259,38.2585070,44.5375470,1,0,0,0
1500000260,38.1370900,44.5418400,1,0,0,0
1500000261,38.1371000,44.5488190,1,0,0,0
1500000262,38.1968810,44.5496610,1,0,0,0
1500000263,38.1969810,44.5497210,1,0,0,0
1500000264,38.1158000,44.5539400,1,0,0,0
1500000265,38.1158010,44.5539410,1,0,0,0
1500000266,38.1122400,44.5544500,1,0,0,0
1500000267,39.7021300,44.5568700,1,0,0,0
1500000268,38.1018580,44.5577010,1,0,0,0
1500000269,38.1015990,44.5578370,1,0,0,0
1500000270,38.1008090,44.5580860,1,0,0,0
1500000271,40.7722200,44.5589600,1,0,0,0
1500000272,38.0983000,44.5590600,1,0,0,0
1500000273,38.0931510,44.5609020,1,0,0,0
1500000274,39.0029470,44.5690990,1,0,0,0
1500000275,38.0773200,44.5704200,1,0,0,0
1500000276,38.0898600,44.5715000,1,0,0,0
1500000277,38.0760540,44.5717610,1,0,0,0
1500000278,38.0659800,44.5803500,1,0,0,0
1500000279,38.0169640,44.5830710,1,0,0,0
1500000280,38.0176910,44.5835810,1,0,0,0
1500000281,38.0595500,44.5841400,1,0,0,0
1500000282,38.0593750,44.5841500,1,0,0,0
1500000283,39.7029710,44.5856710,1,0,0,0
1500000284,38.0554200,44.5869500,1,0,0,0
1500000285,38.0483300,44.5922400,1,0,0,0
1500000286,38.0484400,44.5923500,1,0,0,0
1500000287,38.0033780,44.5953000,1,0,0,0
1500000288,38.0033780,44.5953010,1,0,0,0
1500000289,38.0299900,44.5979200,1,0,0,0
1500000290,40.7544660,44.6053890,1,0,0,0
1500000291,39.7151810,44.6078410,1,0,0,0
1500000292,40.7702300,44.6124200,1,0,0,0
1500000293,40.7712500,44.6128300,1,0,0,0
1500000294,39.7219010,44.6154210,1,0,0,0
1500000295,39.7276480,44.6227520,1,0,0,0
1500000296,39.0930210,44.6271510,1,0,0,0
1500000297,39.1185200,44.6318700,1,0,0,0
1500000298,39.1511600,44.6338100,1,0,0,0
1500000299,39.1038480,44.6374960,1,0,0,0
1500000300,40.7305300,44.6444500,1,0,0,0
1500000301,39.1695500,44.6492400,1,0,0,0
1500000302,40.7117800,44.6495600,1,0,0,0
1500000303,39.1565630,44.6576610,1,0,0,0
1500000304,39.1579510,44.6584510,1,0,0,0
1500000305,39.1581110,44.6592810,1,0,0,0
1500000306,37.9152010,44.6655810,1,0,0,0
1500000307,40.6961700,44.6681500,1,0,0,0
1500000308,37.8950350,44.6761660,1,0,0,0
1500000309,37.7907690,44.6764320,1,0,0,0
1500000310,37.7860800,44.6807000,1,0,0,0
1500000311,39.4390410,44.6816210,1,0,0,0
1500000312,37.8814860,44.6825520,1,0,0,0
1500000313,39.7901410,44.6839710,1,0,0,0
1500000314,39.3025610,44.6843110,1,0,0,0
1500000315,39.4226310,44.6851410,1,0,0,0
1500000316,37.7801600,44.6864200,1,0,0,0
1500000317,37.7729200,44.6870900,1,0,0,0
1500000318,37.7729210,44.6870910,1,0,0,0
1500000319,37.7800900,44.6885700,1,0,0,0
1500000320,37.7800300,44.6885800,1,0,0,0
1500000321,39.8010000,44.6921000,1,0,0,0
1500000322,37.7646000,44.6970500,1,0,0,0
1500000323,37.6018910,44.7029010,1,0,0,0
1500000324,39.8240510,44.7045810,1,0,0,0
1500000325,39.2358140,44.7051130,1,0,0,0
1500000326,39.2326810,44.7101210,1,0,0,0
1500000327,37.8469340,44.7102220,1,0,0,0
1500000328,39.2075870,44.7109960,1,0,0,0
1500000329,39.2203910,44.7132310,1,0,0,0
1500000330,37.7756300,44.7141500,1,0,0,0
1500000331,37.7750600,44.7143700,1,0,0,0
1500000332,39.8359600,44.7148900,1,0,0,0
1500000333,37.8433000,44.7153100,1,0,0,0
1500000334,37.8433000,44.7153200,1,0,0,0
1500000335,37.8433000,44.7153600,1,0,0,0
1500000336,41.2228000,44.7157900,1,0,0,0
1500000337,41.2230600,44.7159800,1,0,0,0
1500000338,37.8395040,44.7173470,1,0,0,0
1500000339,37.7771800,44.7177800,1,0,0,0
1500000340,39.2246610,44.7200210,1,0,0,0
1500000341,37.7617100,44.7226300,3,0,0,0
1500000342,37.7683130,44.7232280,1,0,0,0
1500000343,37.8261400,44.7241900,1,0,0,0
1500000344,37.8174200,44.7274500,1,0,0,0
1500000345,37.8138610,44.7300770,1,0,0,0
1500000346,37.8126840,44.7302840,1,0,0,0
1500000347,41.2605100,44.7326000,1,0,0,0
1500000348,37.7489010,44.7328360,1,0,0,0
1500000349,37.7490250,44.7329390,1,0,0,0
1500000350,37.7804100,44.7334800,1,0,0,0
1500000351,37.7803800,44.7335000,1,0,0,0
1500000352,37.7387200,44.7335400,1,0,0,0
1500000353,39.8521000,44.7349500,1,0,0,0
1500000354,37.7427090,44.7357930,1,0,0,0
1500000355,37.7423480,44.7360070,1,0,0,0
1500000356,37.7824610,44.7366390,1,0,0,0
1500000357,37.7835990,44.7366970,1,0,0,0
1500000358,37.7823650,44.7371330,1,0,0,0
1500000359,37.7830660,44.7372530,1,0,0,0
1500000360,37.7333600,44.7401250,1,0,0,0
1500000361,37.7330350,44.7404960,1,0,0,0
1500000362,39.9115100,44.7410900,1,0,0,0
1500000363,39.8854700,44.7416500,1,0,0,0
1500000364,39.8676390,44.7435890,1,0,0,0
1500000365,39.8721710,44.7461810,1,0,0,0
1500000366,39.9070100,44.7474300,1,0,0,0
1500000367,39.8740500,44.7475100,1,0,0,0
1500000368,37.7265080,44.7489850,1,0,0,0
1500000369,37.7271060,44.7494340,1,0,0,0
1500000370,40.6728200,44.7519700,1,0,0,0
1500000371,39.7939740,44.7521820,3,0,0,0
1500000372,39.7944540,44.7523480,3,0,0,0
1500000373,39.7939290,44.7524650,3,0,0,0
1500000374,39.7937450,44.7524670,3,0,0,0
1500000375,40.6731900,44.7525300,1,0,0,0
1500000376,37.7261490,44.7550050,3,0,0,0
1500000377,39.8700500,44.7624000,1,0,0,0
1500000378,40.6767410,44.7630310,1,0,0,0
1500000379,41.1634000,44.7631100,1,0,0,0
1500000380,41.1632900,44.7635300,1,0,0,0
1500000381,39.9122940,44.7664430,1,0,0,0
1500000382,39.9058700,44.7667600,1,0,0,0
1500000383,39.8938110,44.7711510,1,0,0,0
1500000384,39.8777400,44.7743900,1,0,0,0
1500000385,39.8588300,44.7756200,1,0,0,0
1500000386,40.6707200,44.7784000,1,0,0,0
1500000387,40.6702800,44.7790800,1,0,0,0
1500000388,37.6845900,44.7813300,1,0,0,0
1500000389,39.8934800,44.7816900,1,0,0,0
1500000390,37.6821900,44.7826100,1,0,0,0
1500000391,39.8728100,44.7826900,1,0,0,0
1500000392,37.4002700,44.7904800,1,0,0,0
1500000393,39.8863650,44.7919240,1,0,0,0
1500000394,39.8851470,44.7924750,1,0,0,0
1500000395,37.6658600,44.7957200,1,70,0,0
1500000396,37.6658850,44.7958530,1,0,0,0
1500000397,37.6535400,44.8027100,1,0,0,0
1500000398,39.7811500,44.8168000,1,0,0,0
1500000399,39.8513520,44.8179610,1,0,0,0
1500000400,40.7279200,44.8210000,1,0,0,0
1500000401,38.5612600,44.8240400,1,0,0,0
1500000402,39.8324900,44.8258000,1,0,0,0
1500000403,39.7861500,44.8284100,1,0,0,0
1500000404,39.7844910,44.8285910,1,0,0,0
1500000405,41.3429830,44.8289070,1,0,0,0
1500000406,41.3395710,44.8301250,1,0,0,0
1500000407,39.7733410,44.8310710,1,0,0,0
1500000408,41.5050800,44.8326000,1,0,0,0
1500000409,39.7840410,44.8329110,1,0,0,0
1500000410,38.6758300,44.8329800,1,0,0,0
1500000411,41.4665300,44.8338800,1,0,0,0
1500000412,38.2982480,44.8370530,1,0,0,0
1500000413,38.3020900,44.8375500,1,0,0,0
1500000414,38.6915250,44.8375590,1,0,0,0
1500000415,39.7575800,44.8386400,1,0,0,0
1500000416,37.6530480,44.8390310,1,0,0,0
1500000417,38.2892400,44.8391300,1,0,0,0
1500000418,38.6938790,44.8391620,1,0,0,0
1500000419,37.6529110,44.8392610,1,0,0,0
1500000420,38.4936200,44.8393600,1,0,0,0
1500000421,38.2873910,44.8398910,1,0,0,0
1500000422,38.6950390,44.8400770,1,0,0,0
1500000423,37.4015300,44.8404000,1,0,0,0
1500000424,38.1670680,44.8405820,1,0,0,0
1500000425,38.1675060,44.8407580,1,0,0,0
1500000426,41.3496900,44.8417200,1,0,0,0
1500000427,40.6377800,44.8429900,1,0,0,0
1500000428,40.6376600,44.8433600,1,0,0,0
1500000429,37.3767500,44.8438850,1,0,0,0
1500000430,38.5726300,44.8452300,1,0,0,0
1500000431,38.2811800,44.8464400,1,0,0,0
1500000432,38.2797400,44.8471400,1,0,0,0
1500000433,38.2784900,44.8476900,1,0,0,0
1500000434,41.3613600,44.8477300,1,0,0,0
1500000435,38.4116000,44.8481000,1,0,0,0
1500000436,38.4077000,44.8483000,1,0,0,0
1500000437,41.4940000,44.8495100,1,0,0,0
1500000438,37.7231340,44.8495520,1,0,0,0
1500000439,37.7230060,44.8495970,1,0,0,0
1500000440,38.5258090,44.8510920,1,0,0,0
1500000441,41.3554420,44.8516820,1,0,0,0
1500000442,40.8632500,44.8524900,1,0,0,0
1500000443,38.1730640,44.8528370,1,0,0,0
1500000444,41.4278900,44.8529400,1,0,0,0
1500000445,38.3572840,44.8536180,1,0,0,0
1500000446,38.3631320,44.8538820,1,0,0,0
1500000447,38.1620320,44.8541540,1,0,0,0
1500000448,38.2347200,44.8541700,1,0,0,0
1500000449,38.2494560,44.8542450,1,0,0,0
1500000450,41.3494910,44.8556010,1,0,0,0
1500000451,38.2124350,44.8566410,1,0,0,0
1500000452,38.2110140,44.8566860,1,0,0,0
1500000453,38.1438010,44.8569710,1,0,0,0
1500000454,38.1905800,44.8580670,1,0,0,0
1500000455,38.1939390,44.8591540,1,0,0,0
1500000456,39.7754800,44.8598800,1,0,0,0
1500000457,38.1824890,44.8612960,1,0,0,0
1500000458,41.3387590,44.8613660,1,0,0,0
1500000459,38.4914200,44.8614200,1,0,0,0
1500000460,37.3592760,44.8614480,1,0,0,0
1500000461,38.1812700,44.8614700,1,0,0,0
1500000462,38.1574210,44.8635610,1,0,0,0
1500000463,40.6102800,44.8648300,1,0,0,0
1500000464,40.6202400,44.8660600,1,0,0,0
1500000465,37.3531110,44.8664810,1,0,0,0
1500000466,37.8668600,44.8679900,1,0,0,0
1500000467,37.8709300,44.8683600,1,0,0,0
1500000468,38.2412610,44.8691910,6,0,0,0
1500000469,40.5877000,44.8695100,1,0,0,0
1500000470,37.8810910,44.8695210,3,0,0,0
1500000471,41.3201490,44.8697550,1,0,0,0
1500000472,40.6167500,44.8706100,1,0,0,0
1500000473,38.1267960,44.8712640,1,0,0,0
1500000474,37.3296500,44.8723300,1,0,0,0
1500000475,37.7712050,44.8741350,1,0,0,0
1500000476,37.7711580,44.8742310,1,0,0,0
1500000477,37.3426210,44.8752310,1,0,0,0
1500000478,40.6121900,44.8766900,1,0,0,0
1500000479,41.3555500,44.8812500,1,0,0,0
1500000480,37.9437850,44.8831990,1,0,0,0
1500000481,38.8415300,44.8844880,1,0,0,0
1500000482,40.6033600,44.8876800,1,0,0,0
1500000483,39.6637800,44.8878100,1,0,0,0
1500000484,39.6609700,44.8887600,1,0,0,0
1500000485,39.6901400,44.8888400,1,0,0,0
1500000486,38.1672100,44.8893800,1,0,0,0
1500000487,39.7424000,44.8902700,1,0,0,0
1500000488,40.5998700,44.8911000,1,0,0,0
1500000489,37.5566590,44.8939560,1,0,0,0
1500000490,38.0593870,44.8948560,1,0,0,0
1500000491,37.5586210,44.8949210,1,0,0,0
1500000492,38.0594730,44.8949620,1,0,0,0
1500000493,38.0531000,44.8958000,1,0,0,0
1500000494,37.9706920,44.8959320,1,0,0,0
1500000495,38.0515900,44.8961900,1,0,0,0
1500000496,38.0801310,44.8973410,1,0,0,0
1500000497,37.3429580,44.8979910,1,0,0,0
1500000498,37.3430060,44.8979910,1,0,0,0
1500000499,37.3492160,44.8991940,1,0,0,0
1500000500,37.3526800,44.8992800,1,0,0,0
1500000501,37.3441300,44.8993600,1,0,0,0
1500000502,37.3441400,44.8993900,1,0,0,0
1500000503,37.3495660,44.8994230,1,0,0,0
1500000504,37.3534800,44.8994600,1,0,0,0
1500000505,37.3729700,44.8994800,1,0,0,0
1500000506,37.3629710,44.8995410,1,0,0,0
1500000507,37.3406000,44.9000000,1,0,0,0
1500000508,41.1302200,44.9002140,1,0,0,0
1500000509,37.3404560,44.9002230,1,0,0,0
1500000510,37.3861000,44.9005100,1,0,0,0
1500000511,37.3381780,44.9007450,1,0,0,0
1500000512,37.3376340,44.9008180,1,0,0,0
1500000513,37.3383070,44.9009630,1,0,0,0
1500000514,37.3376120,44.9010920,1,0,0,0
1500000515,37.3211310,44.9011130,3,0,0,0
1500000516,37.3330900,44.9011600,1,0,0,0
1500000517,41.1301980,44.9013890,1,0,0,0
1500000518,40.5898900,44.9014200,1,0,0,0
1500000519,37.9819620,44.9019510,1,0,0,0
1500000520,37.9818510,44.9020810,1,0,0,0
1500000521,37.3348100,44.9029400,1,0,0,0
1500000522,37.3349600,44.9031000,1,0,0,0
1500000523,40.5866900,44.9034800,1,0,0,0
1500000524,39.6508900,44.9039500,1,0,0,0
1500000525,37.3977900,44.9052700,1,0,0,0
1500000526,37.3977700,44.9052900,1,0,0,0
1500000527,40.5957400,44.9071000,1,0,0,0
1500000528,38.0020000,44.9087300,1,0,0,0
1500000529,37.4075510,44.9120720,1,0,0,0
1500000530,37.4092370,44.9123820,1,0,0,0
1500000531,37.3284500,44.9130600,1,0,0,0
1500000532,37.9729800,44.9135900,1,0,0,0
1500000533,37.3281600,44.9137000,1,0,0,0
1500000534,40.5930800,44.9161000,1,0,0,0
1500000535,40.5934200,44.9162200,1,0,0,0
1500000536,37.9676110,44.9188110,1,0,0,0
1500000537,37.3215400,44.9201500,1,0,0,0
1500000538,37.9778700,44.9203500,1,0,0,0
1500000539,37.9820160,44.9204860,1,0,0,0
1500000540,37.3257630,44.9232020,1,0,0,0
1500000541,37.9983500,44.9234600,1,0,0,0
1500000542,41.1314800,44.9237600,1,0,0,0
1500000543,41.1297500,44.9245600,1,0,0,0
1500000544,40.5911400,44.9260900,1,0,0,0
1500000545,37.3241200,44.9268500,1,0,0,0
1500000546,37.3239000,44.9268700,1,0,0,0
1500000547,37.3239700,44.9268700,1,0,0,0
1500000548,38.0088000,44.9274800,1,0,0,0
1500000549,40.6825110,44.9277710,1,0,0,0
1500000550,37.3447000,44.9307500,1,0,0,0
1500000551,41.1305800,44.9330730,1,0,0,0
1500000552,41.2805500,44.9347200,1,0,0,0
1500000553,37.9744680,44.9367380,1,0,0,0
1500000554,37.9879200,44.9373100,1,0,0,0
1500000555,37.9384110,44.9392510,1,0,0,0
1500000556,37.9003100,44.9402900,1,0,0,0
1500000557,37.8998300,44.9404100,1,0,0,0
1500000558,39.7643900,44.9408000,1,0,0,0
1500000559,40.7782810,44.9413110,1,0,0,0
1500000560,39.6005300,44.9416430,1,0,0,0
1500000561,39.6022850,44.9428050,1,0,0,0
1500000562,41.1344500,44.9434900,1,0,0,0
1500000563,39.6758900,44.9437400,1,0,0,0
1500000564,38.0030650,44.9453310,1,0,0,0
1500000565,41.0919890,44.9465630,1,0,0,0
1500000566,41.2071360,44.9467460,1,0,0,0
1500000567,41.0901250,44.9479500,1,0,0,0
1500000568,40.8160550,44.9481380,1,0,0,0
1500000569,41.0844540,44.9509680,1,0,0,0
1500000570,39.6302360,44.9527180,1,0,0,0
1500000571,41.1305100,44.9538200,1,0,0,0
1500000572,39.6345330,44.9542330,1,0,0,0
1500000573,39.5914210,44.9545610,1,0,0,0
1500000574,41.1406440,44.9610780,1,0,0,0
1500000575,37.4338500,44.9611000,1,0,0,0
1500000576,41.1411590,44.9614420,1,0,0,0
1500000577,37.2854800,44.9627100,1,0,0,0
1500000578,37.4645610,44.9632110,1,0,0,0
1500000579,38.5569900,44.9637600,1,0,0,0
1500000580,40.5938400,44.9661100,1,0,0,0
1500000581,39.5770340,44.9665120,1,0,0,0
1500000582,37.3172310,44.9671310,1,0,0,0
1500000583,41.1473510,44.9674910,1,0,0,0
1500000584,41.0641100,44.9713400,1,0,0,0
1500000585,40.8512800,44.9717100,1,0,0,0
1500000586,41.0650300,44.9718100,1,0,0,0
1500000587,41.1713400,44.9718700,1,0,0,0
1500000588,41.1545110,44.9727110,1,0,0,0
1500000589,41.0696700,44.9751500,1,0,0,0
1500000590,41.0711200,44.9760200,1,0,0,0
1500000591,40.5703810,44.9776810,1,0,0,0
1500000592,40.5693910,44.9781810,1,0,0,0
1500000593,41.1448930,44.9782090,1,0,0,0
1500000594,41.1449360,44.9782550,1,0,0,0
1500000595,41.0744200,44.9783700,1,0,0,0
1500000596,41.1174700,44.9790740,1,0,0,0
1500000597,41.1175340,44.9791430,1,0,0,0
1500000598,41.0836600,44.9821200,1,0,0,0
1500000599,41.0846800,44.9823000,1,0,0,0
1500000600,41.0414700,44.9831500,1,0,0,0
1500000601,40.5970500,44.9840100,1,0,0,0
1500000602,41.1199510,44.9842610,1,0,0,0
1500000603,41.0731400,44.9862200,1,0,0,0
1500000604,37.5033300,44.9880400,1,0,0,0
1500000605,41.0994650,44.9889030,3,0,0,0
1500000606,41.0986500,44.9890970,3,0,0,0
1500000607,41.0988640,44.9891970,3,0,0,0
1500000608,41.0572250,44.9893930,1,0,0,0
1500000609,41.0980330,44.9896520,3,0,0,0
1500000610,41.1297400,44.9899400,1,0,0,0
1500000611,41.0697110,44.9901110,1,0,0,0
1500000612,37.9518700,44.9904600,1,0,0,0
1500000613,41.1064520,44.9914080,1,0,0,0
1500000614,38.1910100,44.9916900,1,0,0,0
1500000615,41.1057820,44.9917510,1,0,0,0
1500000616,37.9485710,44.9917710,1,0,0,0
1500000617,41.0751210,44.9919910,1,0,0,0
1500000618,41.0760510,44.9921810,1,0,0,0
1500000619,41.0918600,44.9927700,1,0,0,0
1500000620,37.4384000,44.9931900,1,0,0,0
1500000621,41.1271670,44.9936980,1,0,0,0
1500000622,41.1254900,44.9941590,1,0,0,0
1500000623,41.0890100,44.9943760,3,0,0,0
1500000624,41.1063200,44.9944000,1,0,0,0
1500000625,41.1268770,44.9944310,1,0,0,0
1500000626,41.0888090,44.9944850,3,0,0,0
1500000627,41.1251330,44.9947890,1,0,0,0
1500000628,41.0681310,44.9952510,1,0,0,0
1500000629,41.1354190,44.9957820,1,0,0,0
1500000630,41.1077800,44.9959800,1,0,0,0
1500000631,41.1347490,44.9961570,1,0,0,0
1500000632,41.1348050,44.9964370,1,0,0,0
1500000633,41.1352820,44.9967950,1,0,0,0
1500000634,41.1441420,44.9968060,1,0,0,0
1500000635,37.9406510,44.9968110,1,0,0,0
1500000636,41.1432430,44.9968440,1,0,0,0
1500000637,41.1163100,44.9975400,1,0,0,0
1500000638,41.0315260,44.9980300,1,0,0,0
1500000639,38.9613000,44.9982000,1,0,0,0
1500000640,39.1152140,44.9983520,1,0,0,0
1500000641,41.1149900,44.9998900,1,0,0,0
1500000642,41.1168100,44.9999400,1,0,0,0
1500000643,39.1150690,45.0001380,1,0,0,0
1500000644,41.0479500,45.0003200,1,0,0,0
1500000645,41.1263320,45.0004040,1,0,0,0
1500000646,41.0617400,45.0004100,1,0,0,0
1500000647,41.0295000,45.0004970,1,0,0,0
1500000648,41.1163220,45.0005310,1,0,0,0
1500000649,41.0626100,45.0006000,1,0,0,0
1500000650,41.1265500,45.0008500,1,0,0,0
1500000651,38.9647520,45.0024950,1,0,0,0
1500000652,41.1021180,45.0025420,3,0,0,0
1500000653,41.1024790,45.0026810,3,0,0,0
1500000654,39.0775140,45.0028320,1,0,0,0
1500000655,41.1022830,45.0028630,3,0,0,0
1500000656,39.0784960,45.0030380,1,0,0,0
1500000657,38.9655130,45.0038420,1,0,0,0
1500000658,41.1251810,45.0042110,1,0,0,0
1500000659,38.9606110,45.0057110,1,0,0,0
1500000660,38.9668190,45.0057760,1,0,0,0
1500000661,38.9673630,45.0058810,1,0,0,0
1500000662,38.9607510,45.0059410,1,0,0,0
1500000663,37.4971210,45.0060210,1,0,0,0
1500000664,39.1159150,45.0060610,1,0,0,0
1500000665,39.1156600,45.0060910,1,0,0,0
1500000666,41.0257800,45.0061600,1,0,0,0
1500000667,39.1159500,45.0063460,1,0,0,0
1500000668,39.1157590,45.0064350,1,0,0,0
1500000669,39.1160700,45.0067420,1,0,0,0
1500000670,39.1041210,45.0068510,1,0,0,0
1500000671,41.1243300,45.0072000,1,0,0,0
1500000672,38.9680810,45.0074900,1,0,0,0
1500000673,39.0722640,45.0090670,1,0,0,0
1500000674,41.1668640,45.0095360,1,0,0,0
1500000675,39.0431720,45.0118700,3,0,0,0
1500000676,40.6133910,45.0119510,1,0,0,0
1500000677,41.1048800,45.0123300,1,0,0,0
1500000678,39.0437410,45.0123690,3,0,0,0
1500000679,39.0690480,45.0124760,1,0,0,0
1500000680,41.1507700,45.0125800,1,0,0,0
1500000681,41.1046200,45.0127000,1,0,0,0
1500000682,39.0512470,45.0131690,1,0,0,0
1500000683,39.0520100,45.0133330,1,0,0,0
1500000684,41.1262110,45.0134510,1,0,0,0
1500000685,39.0501860,45.0136200,1,0,0,0
1500000686,39.0511150,45.0136420,1,0,0,0
1500000687,39.0033880,45.0140360,1,0,0,0
1500000688,41.1489100,45.0140600,1,0,0,0
1500000689,39.0028770,45.0141660,1,0,0,0
1500000690,37.5021110,45.0186810,1,0,0,0
1500000691,39.0044400,45.0202600,1,0,0,0
1500000692,38.9696160,45.0207250,3,0,0,0
1500000693,38.9690900,45.0207330,3,0,0,0
1500000694,39.0502910,45.0210540,3,0,0,0
1500000695,39.0498890,45.0213430,3,0,0,0
1500000696,39.0195860,45.0213610,1,0,0,0
1500000697,39.0501080,45.0214110,3,0,0,0
1500000698,38.9695990,45.0222310,1,0,0,0
1500000699,41.1208600,45.0224900,1,0,0,0
1500000700,38.9697810,45.0227690,1,0,0,0
1500000701,38.9871330,45.0232030,1,0,0,0
1500000702,38.9879000,45.0232610,1,0,0,0
1500000703,38.9700430,45.0237890,1,0,0,0
1500000704,37.4655100,45.0240700,1,0,0,0
1500000705,38.9701960,45.0242080,1,0,0,0
1500000706,39.1129870,45.0242410,1,0,0,0
1500000707,37.4879700,45.0244400,1,0,0,0
1500000708,38.9706150,45.0248850,1,0,0,0
1500000709,39.2161210,45.0257710,1,0,0,0
1500000710,39.0321640,45.0263370,1,0,0,0
1500000711,37.4934710,45.0264510,1,0,0,0
1500000712,38.9668360,45.0274980,1,0,0,0
1500000713,38.9670850,45.0276750,1,0,0,0
1500000714,38.0103080,45.0279510,1,0,0,0
1500000715,38.9593020,45.0297200,1,0,0,0
1500000716,38.9811760,45.0297630,1,0,0,0
1500000717,38.9722770,45.0300210,1,0,0,0
1500000718,38.9812940,45.0301300,1,0,0,0
1500000719,39.0837910,45.0303210,1,0,0,0
1500000720,38.9593810,45.0306370,1,0,0,0
1500000721,38.9124690,45.0307790,1,0,0,0
1500000722,39.0339720,45.0311530,1,0,0,0
1500000723,39.0379000,45.0315180,1,0,0,0
1500000724,39.0888010,45.0316600,3,0,0,0
1500000725,39.0891930,45.0317290,3,0,0,0
1500000726,39.0887420,45.0318840,3,0,0,0
1500000727,39.0888870,45.0322100,3,0,0,0
1500000728,37.8889710,45.0322310,1,0,0,0
1500000729,38.9731710,45.0325730,1,0,0,0
1500000730,38.9169300,45.0326100,1,0,0,0
1500000731,38.9185110,45.0328810,1,0,0,0
1500000732,38.9182510,45.0331410,1,0,0,0
1500000733,38.9581180,45.0332060,1,0,0,0
1500000734,39.1293440,45.0334350,1,0,0,0
1500000735,39.0230500,45.0335000,1,0,0,0
1500000736,38.9579910,45.0339130,1,0,0,0
1500000737,38.9848100,45.0341400,1,0,0,0
1500000738,39.0117480,45.0343730,1,0,0,0
1500000739,38.9738240,45.0345150,1,0,0,0
1500000740,37.4819800,45.0346500,1,0,0,0
1500000741,38.9740010,45.0350210,1,0,0,0
1500000742,39.1287860,45.0351840,1,0,0,0
1500000743,38.0135320,45.0356540,1,0,0,0
1500000744,38.9742520,45.0357950,3,0,0,0
1500000745,38.9748530,45.0362130,3,0,0,0
1500000746,39.0440760,45.0365040,1,0,0,0
1500000747,38.9745200,45.0370120,3,0,0,0
1500000748,38.9749100,45.0370700,3,0,0,0
1500000749,38.9752810,45.0372210,3,0,0,0
1500000750,38.9943190,45.0372210,3,0,0,0
1500000751,39.1037210,45.0372410,1,0,0,0
1500000752,38.9634910,45.0372610,1,0,0,0
1500000753,38.9639410,45.0373410,1,0,0,0
1500000754,38.9944230,45.0373850,3,0,0,0
1500000755,38.9932140,45.0373960,3,0,0,0
1500000756,37.3401310,45.0374210,1,0,0,0
1500000757,38.9932910,45.0375660,3,0,0,0
1500000758,39.1041110,45.0377610,1,0,0,0
1500000759,39.0876630,45.0378000,1,0,0,0
1500000760,38.9147520,45.0379580,1,0,0,0
1500000761,38.9113680,45.0380400,1,0,0,0
1500000762,39.0874170,45.0380930,1,0,0,0
1500000763,38.9551100,45.0381820,1,0,0,0
1500000764,41.2273800,45.0382900,1,0,0,0
1500000765,38.9143670,45.0383420,1,0,0,0
1500000766,38.9413250,45.0384680,1,0,0,0
1500000767,38.9140290,45.0386040,1,0,0,0
1500000768,38.9751270,45.0386320,1,0,0,0
1500000769,38.9843850,45.0387000,3,0,0,0
1500000770,38.9848840,45.0387270,3,0,0,0
1500000771,38.9757810,45.0388120,1,0,0,0
1500000772,39.1084110,45.0389070,1,0,0,0
1500000773,38.9841760,45.0390180,3,0,0,0
1500000774,38.9844710,45.0390500,3,0,0,0
1500000775,38.9710680,45.0395050,1,0,0,0
1500000776,38.9556960,45.0396920,3,0,0,0
1500000777,38.9763300,45.0397670,3,0,0,0
1500000778,38.9561820,45.0399180,3,0,0,0
1500000779,38.9762950,45.0399420,3,0,0,0
1500000780,38.9554280,45.0399810,3,0,0,0
1500000781,38.9755280,45.0400170,3,0,0,0
1500000782,38.9761480,45.0400450,3,0,0,0
1500000783,38.9551270,45.0400800,3,0,0,0
1500000784,38.9765290,45.0402720,3,0,0,0
1500000785,38.9554010,45.0402760,3,0,0,0
1500000786,38.9761600,45.0402840,3,0,0,0
1500000787,38.9558410,45.0402930,3,0,0,0
1500000788,38.9757610,45.0403960,3,0,0,0
1500000789,38.9753430,45.0404390,3,0,0,0
1500000790,38.9556990,45.0406120,1,0,0,0
1500000791,38.9277200,45.0410900,1,0,0,0
1500000792,38.9275700,45.0411000,1,0,0,0
1500000793,38.9648450,45.0416530,1,0,0,0
1500000794,38.9446910,45.0417410,1,0,0,0
1500000795,38.9654280,45.0418570,1,0,0,0
1500000796,41.1077000,45.0419400,1,0,0,0
1500000797,38.9447910,45.0419910,1,0,0,0
1500000798,38.9771640,45.0420530,1,0,0,0
1500000799,38.9763590,45.0422570,1,0,0,0
1500000800,38.9566930,45.0428030,3,0,0,0
1500000801,38.9570770,45.0430260,3,0,0,0
1500000802,39.1067360,45.0431290,1,0,0,0
1500000803,38.9564760,45.0431300,3,0,0,0
1500000804,38.9564860,45.0433080,3,0,0,0
1500000805,38.9568460,45.0433760,3,0,0,0
1500000806,38.9569400,45.0436950,3,0,0,0
1500000807,39.0192960,45.0457520,1,0,0,0
1500000808,38.9755420,45.0459990,1,0,0,0
1500000809,38.9777350,45.0461270,1,0,0,0
1500000810,39.0263180,45.0461460,1,0,0,0
1500000811,41.1029500,45.0463700,1,0,0,0
1500000812,38.9779410,45.0465750,1,0,0,0
1500000813,38.9787670,45.0466110,1,0,0,0
1500000814,41.1026800,45.0468200,1,0,0,0
1500000815,38.9578570,45.0476450,1,0,0,0
1500000816,38.9582460,45.0476510,1,0,0,0
1500000817,38.9579080,45.0478060,1,0,0,0
1500000818,38.9582620,45.0478770,1,0,0,0
1500000819,38.9581180,45.0483770,1,0,0,0
1500000820,38.9585270,45.0485800,3,0,0,0
1500000821,38.9584360,45.0491530,3,0,0,0
1500000822,38.9588350,45.0491680,3,0,0,0
1500000823,38.9583820,45.0493520,3,0,0,0
1500000824,38.9587070,45.0493860,3,0,0,0
1500000825,38.9585460,45.0495370,3,0,0,0
1500000826,38.9651400,45.0498400,1,0,0,0
1500000827,38.9651800,45.0499900,1,0,0,0
1500000828,38.9801040,45.0503900,1,0,0,0
1500000829,38.9800640,45.0504750,1,0,0,0
1500000830,41.0990700,45.0508800,1,0,0,0
1500000831,38.9477870,45.0509850,1,0,0,0
1500000832,38.9527580,45.0517470,1,0,0,0
1500000833,39.0260800,45.0517600,1,0,0,0
1500000834,38.9520020,45.0519720,1,0,0,0
1500000835,38.9463740,45.0527860,1,0,0,0
1500000836,38.9461480,45.0527990,1,0,0,0
1500000837,38.9439430,45.0531080,1,0,0,0
1500000838,38.9444270,45.0531810,1,0,0,0
1500000839,38.9817050,45.0533620,3,0,0,0
1500000840,38.9823630,45.0535490,3,0,0,0
1500000841,38.9819080,45.0536380,3,0,0,0
1500000842,38.9810050,45.0537120,3,0,0,0
1500000843,38.9816510,45.0538890,3,0,0,0
1500000844,38.9819310,45.0539090,3,0,0,0
1500000845,39.0038650,45.0550710,1,0,0,0
1500000846,39.0085470,45.0552860,1,0,0,0
1500000847,38.9858220,45.0554770,1,0,0,0
1500000848,39.0098140,45.0555340,1,0,0,0
1500000849,39.0142090,45.0555550,1,0,0,0
1500000850,37.1407900,45.0555800,1,0,0,0
1500000851,39.0351340,45.0555980,3,0,0,0
1500000852,39.1418810,45.0558130,1,0,0,0
1500000853,39.0345820,45.0558370,3,0,0,0
1500000854,38.8968080,45.0562840,1,0,0,0
1500000855,38.8955360,45.0565820,1,0,0,0
1500000856,38.9829610,45.0567090,1,0,0,0
1500000857,39.1317910,45.0567710,1,0,0,0
1500000858,39.0226840,45.0567860,1,0,0,0
1500000859,39.1316510,45.0568310,1,0,0,0
1500000860,37.8247300,45.0574900,1,0,0,0
1500000861,38.9276310,45.0580160,1,0,0,0
1500000862,38.9279060,45.0580540,1,0,0,0
1500000863,39.1557000,45.0591700,1,0,0,0
1500000864,38.9520010,45.0592870,1,0,0,0
1500000865,37.4670000,45.0593400,1,0,0,0
1500000866,38.9510020,45.0593670,1,0,0,0
1500000867,38.9464140,45.0593930,3,0,0,0
1500000868,38.9469730,45.0595330,3,0,0,0
1500000869,38.9462270,45.0595360,3,0,0,0
1500000870,37.5493810,45.0596410,1,0,0,0
1500000871,37.8160600,45.0599600,1,0,0,0
1500000872,38.9614330,45.0602840,3,0,0,0
1500000873,38.9612610,45.0607460,3,0,0,0
1500000874,38.9614310,45.0609030,3,0,0,0
1500000875,37.8124900,45.0610000,1,0,0,0
1500000876,38.9855590,45.0610490,3,0,0,0
1500000877,38.9769270,45.0611880,1,0,0,0
1500000878,38.9854810,45.0614060,3,0,0,0
1500000879,38.9859850,45.0615630,3,0,0,0
1500000880,38.9855260,45.0619830,3,0,0,0
1500000881,39.2985800,45.0622100,1,0,0,0
1500000882,38.7480800,45.0625300,1,0,0,0
1500000883,38.9186480,45.0630950,3,0,0,0
1500000884,39.2994310,45.0633290,1,0,0,0
1500000885,39.2994310,45.0633410,1,0,0,0
1500000886,38.9185620,45.0633920,3,0,0,0
1500000887,39.2996570,45.0641850,1,0,0,0
1500000888,39.0249880,45.0654740,1,0,0,0
1500000889,39.0247270,45.0656540,1,0,0,0
1500000890,41.0837910,45.0673610,1,0,0,0
1500000891,39.0245610,45.0683410,1,0,0,0
1500000892,39.0248310,45.0683610,1,0,0,0
1500000893,40.4857100,45.0685800,1,0,0,0
1500000894,38.9066280,45.0698170,1,0,0,0
1500000895,38.9041410,45.0713020,1,0,0,0
1500000896,39.0005640,45.0720236,3,0,0,0
1500000897,39.0009600,45.0721520,3,0,0,0
1500000898,39.0005200,45.0722570,3,0,0,0
1500000899,38.9867730,45.0724450,1,0,0,0
1500000900,38.9871270,45.0726100,1,0,0,0
1500000901,39.0010250,45.0726350,3,0,0,0
1500000902,38.9018210,45.0729580,1,0,0,0
1500000903,38.0547580,45.0758900,1,0,0,0
1500000904,40.4506700,45.0770500,1,0,0,0
1500000905,37.7618800,45.0775200,1,0,0,0
1500000906,41.0725300,45.0783500,1,0,0,0
1500000907,38.4749800,45.0800100,1,0,0,0
1500000908,41.0837000,45.0808300,1,0,0,0
1500000909,39.0344170,45.0827110,1,0,0,0
1500000910,41.0675700,45.0827800,1,0,0,0
1500000911,38.6951300,45.0829600,1,0,0,0
1500000912,38.6958700,45.0830100,1,0,0,0
1500000913,40.4365000,45.0841400,1,0,0,0
1500000914,38.6868200,45.0850400,1,0,0,0
1500000915,38.6877500,45.0850400,1,0,0,0
1500000916,38.4496900,45.0855200,1,0,0,0
1500000917,39.0395300,45.0884920,1,0,0,0
1500000918,37.7146100,45.0903000,1,0,0,0
1500000919,38.4905510,45.0906920,1,0,0,0
1500000920,37.3162750,45.0921910,1,0,0,0
1500000921,39.2855100,45.0932500,1,0,0,0
1500000922,41.0559280,45.0936070,3,0,0,0
1500000923,41.0557650,45.0940060,3,0,0,0
1500000924,41.0549910,45.0945210,3,0,0,0
1500000925,39.1349210,45.0950310,1,0,0,0
1500000926,39.1346310,45.0951410,1,0,0,0
1500000927,37.6944900,45.0958600,1,0,0,0
1500000928,39.0727660,45.0963570,1,0,0,0
1500000929,39.0725880,45.0964700,1,0,0,0
1500000930,40.3458510,45.0985110,1,0,0,0
1500000931,40.3464110,45.0985110,1,0,0,0
1500000932,40.9489900,45.0987810,1,0,0,0
1500000933,39.0188510,45.0989510,1,0,0,0
1500000934,40.9473550,45.0998990,1,0,0,0
1500000935,38.9971510,45.1014410,1,0,0,0
1500000936,38.9816040,45.1018980,3,0,0,0
1500000937,38.9820860,45.1023310,3,0,0,0
1500000938,39.9096000,45.1023600,1,0,0,0
1500000939,39.9096600,45.1025200,1,0,0,0
1500000940,38.6363500,45.1036500,1,0,0,0
1500000941,38.6508800,45.1037800,1,0,0,0
1500000942,41.0198600,45.1047600,1,0,0,0
1500000943,38.9947270,45.1074610,1,0,0,0
1500000944,38.9944910,45.1075220,1,0,0,0
1500000945,39.1476110,45.1085410,1,0,0,0
1500000946,37.6355500,45.1090000,1,0,0,0
1500000947,37.6586010,45.1097310,1,0,0,0
1500000948,37.6399400,45.1101200,1,0,0,0
1500000949,39.0121610,45.1105730,3,0,0,0
1500000950,39.0123760,45.1108050,3,0,0,0
1500000951,39.1193720,45.1114650,1,0,0,0
1500000952,39.1194560,45.1114980,1,0,0,0
1500000953,37.6347060,45.1118840,1,0,0,0
1500000954,37.6381870,45.1120220,1,0,0,0
1500000955,39.3889010,45.1122400,1,0,0,0
1500000956,39.3889010,45.1122410,1,0,0,0
1500000957,37.6404870,45.1122690,1,0,0,0
1500000958,40.2627700,45.1139800,1,0,0,0
1500000959,40.9759700,45.1152800,1,0,0,0
1500000960,41.0343710,45.1152810,1,0,0,0
1500000961,40.7540900,45.1158300,1,0,0,0
1500000962,37.4225910,45.1184110,1,0,0,0
1500000963,37.4290210,45.1184130,1,0,0,0
1500000964,37.4621100,45.1186900,1,0,0,0
1500000965,39.0116020,45.1196390,3,0,0,0
1500000966,39.0115590,45.1198310,3,0,0,0
1500000967,39.0115430,45.1201170,3,0,0,0
1500000968,39.0081170,45.1203330,1,0,0,0
1500000969,39.0082100,45.1204500,1,0,0,0
1500000970,37.6190350,45.1215190,1,0,0,0
1500000971,37.6190460,45.1217820,1,0,0,0
1500000972,38.9862990,45.1227800,1,0,0,0
1500000973,38.9863250,45.1228360,1,0,0,0
1500000974,38.9868400,45.1230730,1,0,0,0
1500000975,37.5013400,45.1231000,1,0,0,0
1500000976,37.3515500,45.1237800,1,0,0,0
1500000977,40.2667200,45.1241900,1,0,0,0
1500000978,39.8336500,45.1248800,1,0,0,0
1500000979,37.3338970,45.1261370,1,0,0,0
1500000980,40.1440200,45.1280300,1,0,0,0
1500000981,39.1762710,45.1282710,1,0,0,0
1500000982,38.9065100,45.1293400,1,0,0,0
1500000983,37.6244900,45.1298270,1,0,0,0
1500000984,41.0246510,45.1316670,1,0,0,0
1500000985,39.4128510,45.1326910,1,0,0,0
1500000986,39.4217700,45.1388700,1,0,0,0
1500000987,39.1911180,45.1389870,1,0,0,0
1500000988,39.4220100,45.1391800,1,0,0,0
1500000989,39.2149910,45.1420790,1,0,0,0
1500000990,39.1976210,45.1420910,1,0,0,0
1500000991,39.3636500,45.1421700,1,0,0,0
1500000992,39.2875600,45.1435100,1,0,0,0
1500000993,41.0701900,45.1471400,1,0,0,0
1500000994,36.8030700,45.1485200,1,0,0,0
1500000995,39.7641100,45.1488900,1,0,0,0
1500000996,39.7624410,45.1492610,1,0,0,0
1500000997,38.9992610,45.1494710,1,0,0,0
1500000998,39.0039900,45.1529260,3,0,0,0
1500000999,39.0032370,45.1530130,3,0,0,0
1500001000,38.2158600,45.1545300,1,0,0,0
1500001001,38.9993450,45.1564710,1,0,0,0
1500001002,41.0595900,45.1568600,1,0,0,0
1500001003,40.8923060,45.1572710,1,0,0,0
1500001004,39.0747300,45.1580800,1,0,0,0
1500001005,39.0178540,45.1586310,1,0,0,0
1500001006,39.2236610,45.1608510,1,0,0,0
1500001007,39.4698100,45.1653370,1,0,0,0
1500001008,39.4702100,45.1657200,1,0,0,0
1500001009,36.7816100,45.1659300,1,0,0,0
1500001010,39.0985920,45.1727930,1,0,0,0
1500001011,39.0994500,45.1734880,1,0,0,0
1500001012,39.1097700,45.1798100,1,0,0,0
1500001013,39.4981660,45.1807800,1,0,0,0
1500001014,39.2601900,45.1816300,1,0,0,0
1500001015,38.5630500,45.1830900,1,0,0,0
1500001016,38.5613900,45.1841400,1,0,0,0
1500001017,36.6892000,45.1864600,1,0,0,0
1500001018,37.6583300,45.1874500,1,0,0,0
1500001019,39.2396200,45.1876700,1,0,0,0
1500001020,39.7188500,45.1881000,1,0,0,0
1500001021,39.5169910,45.1911710,1,0,0,0
1500001022,39.5204410,45.1930860,1,0,0,0
1500001023,37.0113010,45.1939510,1,0,0,0
1500001024,39.2399020,45.1992760,1,0,0,0
1500001025,36.9982200,45.2005500,1,0,0,0
1500001026,38.5790910,45.2013110,1,0,0,0
1500001027,36.7281510,45.2054910,1,0,0,0
1500001028,39.6812300,45.2076300,1,0,0,0
1500001029,39.6756000,45.2099800,1,0,0,0
1500001030,38.9991600,45.2107900,1,0,0,0
1500001031,39.2309430,45.2122610,1,0,0,0
1500001032,39.2443600,45.2140400,1,0,0,0
1500001033,39.6618600,45.2162200,1,0,0,0
1500001034,41.0604300,45.2165800,1,0,0,0
1500001035,36.7440010,45.2183910,1,0,0,0
1500001036,39.2235080,45.2186510,1,0,0,0
1500001037,39.5886410,45.2186710,1,0,0,0
1500001038,40.7914000,45.2197200,1,0,0,0
1500001039,39.2261740,45.2204600,1,0,0,0
1500001040,39.2256000,45.2211270,1,0,0,0
1500001041,37.9240500,45.2229600,1,0,0,0
1500001042,37.1593530,45.2243940,1,0,0,0
1500001043,39.7209810,45.2273930,1,0,0,0
1500001044,39.7209970,45.2278460,1,0,0,0
1500001045,39.7146800,45.2282400,1,0,0,0
1500001046,38.9989900,45.2284500,1,0,0,0
1500001047,37.2902900,45.2289300,1,0,0,0
1500001048,39.1855930,45.2315560,1,0,0,0
1500001049,38.2926990,45.2316990,1,0,0,0
1500001050,38.9988110,45.2319210,1,0,0,0
1500001051,38.1291710,45.2320610,1,0,0,0
1500001052,38.9985110,45.2322310,1,0,0,0
1500001053,39.1351100,45.2325600,1,0,0,0
1500001054,38.9547200,45.2333400,1,0,0,0
1500001055,38.9607040,45.2344960,1,0,0,0
1500001056,39.2103390,45.2357110,1,0,0,0
1500001057,39.2105110,45.2357710,1,0,0,0
1500001058,39.9149910,45.2376410,1,0,0,0
1500001059,38.1765300,45.2382500,1,0,0,0
1500001060,39.0264110,45.2384310,1,0,0,0
1500001061,38.9788670,45.2384940,1,0,0,0
1500001062,39.2086270,45.2390290,1,0,0,0
1500001063,38.9990860,45.2395810,1,0,0,0
1500001064,38.9992010,45.2398610,1,0,0,0
1500001065,37.5065000,45.2409200,1,0,0,0
1500001066,39.2123000,45.2420300,1,0,0,0
1500001067,37.4249010,45.2428310,1,0,0,0
1500001068,38.9426800,45.2436400,1,0,0,0
1500001069,39.7192200,45.2438700,1,0,0,0
1500001070,39.7203620,45.2439240,1,0,0,0
1500001071,39.7193550,45.2440730,1,0,0,0
1500001072,39.7200600,45.2441400,1,0,0,0
1500001073,38.9976710,45.2449110,1,0,0,0
1500001074,38.9973110,45.2450910,1,0,0,0
1500001075,39.0717610,45.2452910,1,0,0,0
1500001076,39.2156300,45.2456600,1,0,0,0
1500001077,38.9749700,45.2474700,1,0,0,0
1500001078,39.2182210,45.2475510,1,0,0,0
1500001079,38.1051410,45.2492510,1,0,0,0
1500001080,38.9951110,45.2498610,1,0,0,0
1500001081,38.1435210,45.2499510,1,0,0,0
1500001082,38.9085400,45.2521700,1,0,0,0
1500001083,37.3570600,45.2521900,1,0,0,0
1500001084,38.9001900,45.2532200,1,0,0,0
1500001085,38.1222110,45.2537410,1,0,0,0
1500001086,37.4132510,45.2544510,1,0,0,0
1500001087,37.4638000,45.2550400,1,0,0,0
1500001088,38.9976700,45.2574800,1,0,0,0
1500001089,38.8850800,45.2577400,1,0,0,0
1500001090,37.3881870,45.2588590,1,0,0,0
1500001091,38.1022600,45.2598000,1,0,0,0
1500001092,39.2260100,45.2608300,1,0,0,0
1500001093,39.1930000,45.2613900,1,0,0,0
1500001094,36.9130610,45.2617810,1,0,0,0
1500001095,39.1731100,45.2633600,1,0,0,0
1500001096,39.7968300,45.2647300,1,0,0,0
1500001097,38.8556900,45.2667500,1,0,0,0
1500001098,36.9203310,45.2672810,1,0,0,0
1500001099,38.4647400,45.2676800,1,0,0,0
1500001100,38.8265200,45.2709200,1,0,0,0
1500001101,38.1561110,45.2709310,1,0,0,0
1500001102,38.8258800,45.2717300,1,0,0,0
1500001103,38.1206010,45.2730510,1,0,0,0
1500001104,38.4602200,45.2734000,1,0,0,0
1500001105,37.4007460,45.2740890,1,0,0,0
1500001106,37.4004530,45.2743860,1,0,0,0
1500001107,39.8236400,45.2747300,1,0,0,0
1500001108,38.8408550,45.2748680,1,0,0,0
1500001109,38.2119600,45.2773600,1,0,0,0
1500001110,37.3785000,45.2794700,1,0,0,0
1500001111,38.2968600,45.2810920,1,0,0,0
1500001112,38.3154930,45.2813330,1,0,0,0
1500001113,38.8364800,45.2814200,1,0,0,0
1500001114,36.9877310,45.2818510,1,0,0,0
1500001115,40.6859800,45.2821200,1,0,0,0
1500001116,39.1553100,45.2851000,1,0,0,0
1500001117,39.3007110,45.2851510,6,0,0,0
1500001118,39.1553000,45.2852200,1,0,0,0
1500001119,39.5567710,45.2884810,1,0,0,0
1500001120,38.8203620,45.2888250,1,0,0,0
1500001121,38.0778500,45.2903500,1,0,0,0
1500001122,39.2833010,45.2908710,1,0,0,0
1500001123,39.2830110,45.2908810,1,0,0,0
1500001124,40.9980600,45.2919000,1,0,0,0
1500001125,39.8716730,45.2919910,1,0,0,0
1500001126,37.0016580,45.2941770,1,0,0,0
1500001127,37.3549500,45.2945200,1,0,0,0
1500001128,39.1552510,45.2945310,1,0,0,0
1500001129,39.5082400,45.2947700,1,0,0,0
1500001130,40.9403700,45.2986400,1,0,0,0
1500001131,37.3350480,45.3004650,1,0,0,0
1500001132,39.8949900,45.3016200,1,0,0,0
1500001133,40.9490500,45.3037200,1,0,0,0
1500001134,39.9031600,45.3050700,1,0,0,0
1500001135,39.9034300,45.3053400,1,0,0,0
1500001136,38.1833350,45.3118740,1,0,0,0
1500001137,39.9212110,45.3135870,1,0,0,0
1500001138,37.3039910,45.3142530,1,0,0,0
1500001139,37.3003640,45.3154150,1,0,0,0
1500001140,37.9976900,45.3211100,1,0,0,0
1500001141,40.1944100,45.3257600,1,0,0,0
1500001142,39.0862200,45.3358300,1,0,0,0
1500001143,38.2017580,45.3388060,1,0,0,0
1500001144,39.0545500,45.3400500,1,0,0,0
1500001145,39.0824530,45.3406370,1,0,0,0
1500001146,39.0615300,45.3420110,1,0,0,0
1500001147,39.0726110,45.3455910,1,0,0,0
1500001148,40.6923700,45.3462600,1,0,0,0
1500001149,40.6922700,45.3463200,1,0,0,0
1500001150,40.7385700,45.3466300,1,0,0,0
1500001151,37.1194500,45.3475000,1,0,0,0
1500001152,39.9876310,45.3477510,1,0,0,0
1500001153,38.2245900,45.3539400,1,0,0,0
1500001154,40.1773810,45.3546410,1,0,0,0
1500001155,40.6875210,45.3565410,1,0,0,0
1500001156,39.7837130,45.3566400,1,0,0,0
1500001157,40.6838710,45.3575310,1,0,0,0
1500001158,40.0676500,45.3597710,1,0,0,0
1500001159,38.2346000,45.3618100,1,0,0,0
1500001160,40.6734410,45.3647510,1,0,0,0
1500001161,40.6887900,45.3648800,1,0,0,0
1500001162,40.6885500,45.3649200,1,0,0,0
1500001163,40.1673400,45.3651700,1,0,0,0
1500001164,40.7019100,45.3652700,1,0,0,0
1500001165,40.7018900,45.3653000,1,0,0,0
1500001166,40.6673200,45.3660400,1,0,0,0
1500001167,38.0211300,45.3664400,1,0,0,0
1500001168,40.2247110,45.3671110,1,0,0,0
1500001169,40.7133900,45.3693600,1,0,0,0
1500001170,38.2501100,45.3719600,1,0,0,0
1500001171,38.4397000,45.3734900,1,0,0,0
1500001172,39.7353600,45.3759600,1,0,0,0
1500001173,40.5263100,45.3802600,1,0,0,0
1500001174,40.5219300,45.3802700,1,0,0,0
1500001175,38.7613300,45.3805400,1,0,0,0
1500001176,40.5557800,45.3808700,1,0,0,0
1500001177,40.6506200,45.3810300,1,0,0,0
1500001178,40.5644300,45.3815200,1,0,0,0
1500001179,40.6119900,45.3871800,1,0,0,0
1500001180,40.6279500,45.3888700,1,0,0,0
1500001181,40.6299000,45.3894200,1,0,0,0
1500001182,40.6258800,45.3894500,1,0,0,0
1500001183,40.6075700,45.3993800,1,0,0,0
1500001184,40.6075900,45.3994000,1,0,0,0
1500001185,40.4039910,45.4057510,1,0,0,0
1500001186,40.4441700,45.4071100,1,0,0,0
1500001187,40.4422810,45.4114010,1,0,0,0
1500001188,40.4697710,45.4114010,1,0,0,0
1500001189,40.2934100,45.4138600,1,0,0,0
1500001190,37.9415000,45.4139500,1,0,0,0
1500001191,40.5508600,45.4185680,1,0,0,0
1500001192,40.5446510,45.4186650,1,0,0,0
1500001193,38.7410510,45.4201810,1,0,0,0
1500001194,40.4428510,45.4204610,1,0,0,0
1500001195,40.5927700,45.4210600,1,0,0,0
1500001196,40.5030000,45.4216500,1,0,0,0
1500001197,40.5498500,45.4257100,1,0,0,0
1500001198,40.5492810,45.4258310,1,0,0,0
1500001199,40.5463800,45.4286000,1,0,0,0
1500001200,38.2682100,45.4290600,1,0,0,0
1500001201,38.7349680,45.4299450,1,0,0,0
1500001202,40.5394690,45.4307760,1,0,0,0
1500001203,40.5397600,45.4308100,1,0,0,0
1500001204,40.5440200,45.4313500,1,0,0,0
1500001205,40.5533000,45.4319400,1,0,0,0
1500001206,40.5624300,45.4332800,1,0,0,0
1500001207,40.5702600,45.4341400,1,0,0,0
1500001208,40.5801820,45.4341480,1,0,0,0
1500001209,40.5808500,45.4342300,1,0,0,0
1500001210,40.6011000,45.4348700,1,0,0,0
1500001211,40.6583500,45.4362100,1,0,0,0
1500001212,40.6150920,45.4364430,1,0,0,0
1500001213,40.6429700,45.4364500,1,0,0,0
1500001214,40.5626110,45.4377910,1,0,0,0
1500001215,40.5625110,45.4378410,1,0,0,0
1500001216,40.5787400,45.4385900,1,0,0,0
1500001217,40.5788800,45.4386800,1,0,0,0
1500001218,40.6670000,45.4394400,1,0,0,0
1500001219,40.8466510,45.4423610,1,0,0,0
1500001220,38.7247150,45.4430710,1,0,0,0
1500001221,39.4558610,45.4459010,1,0,0,0
1500001222,40.5288510,45.4459510,1,0,0,0
1500001223,40.3647600,45.4472200,1,0,0,0
1500001224,40.4364610,45.4472610,1,0,0,0
1500001225,40.4374110,45.4474710,1,0,0,0
1500001226,40.5784600,45.4476600,1,0,0,0
1500001227,40.5784500,45.4476900,1,0,0,0
1500001228,38.6237420,45.4477820,1,0,0,0
1500001229,38.6265690,45.4487150,1,0,0,0
1500001230,38.7130150,45.4495730,1,0,0,0
1500001231,39.4442060,45.4503050,1,0,0,0
1500001232,40.5757900,45.4511800,1,0,0,0
1500001233,40.6890030,45.4518890,1,0,0,0
1500001234,40.1558810,45.4604110,1,0,0,0
1500001235,40.5372700,45.4605300,1,0,0,0
1500001236,38.6958470,45.4633360,1,0,0,0
1500001237,39.4578110,45.4634110,1,0,0,0
1500001238,38.6969450,45.4638280,1,0,0,0
1500001239,39.4744200,45.4649700,1,0,0,0
1500001240,39.4490580,45.4663030,1,0,0,0
1500001241,40.6800710,45.4663610,1,0,0,0
1500001242,40.6423610,45.4677910,1,0,0,0
1500001243,40.6408310,45.4679710,1,0,0,0
1500001244,40.6798210,45.4683010,1,0,0,0
1500001245,39.4349000,45.4691300,1,0,0,0
1500001246,40.5775900,45.4699280,1,0,0,0
1500001247,40.5908110,45.4699610,1,0,0,0
1500001248,40.5779710,45.4700590,1,0,0,0
1500001249,40.5772950,45.4700910,1,0,0,0
1500001250,39.4037000,45.4704100,1,0,0,0
1500001251,38.0074310,45.4721710,1,0,0,0
1500001252,40.5776400,45.4748600,1,0,0,0
1500001253,39.4582210,45.4775870,1,0,0,0
1500001254,38.6876500,45.4788200,1,0,0,0
1500001255,38.6905600,45.4821900,1,0,0,0
1500001256,38.6684800,45.4841700,1,0,0,0
1500001257,38.6650000,45.4862600,1,0,0,0
1500001258,38.6755200,45.4867700,1,0,0,0
1500001259,39.3664570,45.4984210,1,0,0,0
1500001260,38.9416810,45.5051710,1,0,0,0
1500001261,38.9420310,45.5058210,1,0,0,0
1500001262,39.3198500,45.5160900,1,0,0,0
1500001263,38.9417010,45.5228910,1,0,0,0
1500001264,38.9337900,45.5448100,1,0,0,0
1500001265,38.3336700,45.5452900,1,0,0,0
1500001266,38.9323700,45.5470900,1,0,0,0
1500001267,38.7795910,45.5484310,1,0,0,0
1500001268,39.6411630,45.5594600,1,0,0,0
1500001269,39.6610600,45.5668300,1,0,0,0
1500001270,39.6684800,45.5715000,1,0,0,0
1500001271,38.9206200,45.5737100,1,0,0,0
1500001272,38.9195200,45.5751200,1,0,0,0
1500001273,39.1768400,45.5788100,1,0,0,0
1500001274,39.6717200,45.5881500,1,0,0,0
1500001275,38.3718200,45.5917600,1,0,0,0
1500001276,38.9204600,45.5947700,1,0,0,0
1500001277,38.9199600,45.5948200,1,0,0,0
1500001278,38.9501500,45.6001800,1,0,0,0
1500001279,38.8390600,45.6032100,1,0,0,0
1500001280,38.9473300,45.6082500,1,0,0,0
1500001281,38.9858090,45.6090160,1,0,0,0
1500001282,38.9468400,45.6092500,1,0,0,0
1500001283,38.9417400,45.6163800,1,0,0,0
1500001284,38.9862300,45.6237200,1,0,0,0
1500001285,39.1250500,45.6290700,1,0,0,0
1500001286,38.8894510,45.6291810,1,0,0,0
1500001287,38.9734810,45.6368940,1,0,0,0
1500001288,38.9711690,45.6476950,1,0,0,0
1500001289,38.9709810,45.6477100,1,0,0,0
1500001290,40.7558100,45.6505400,1,0,0,0
1500001291,40.7549900,45.6522700,1,0,0,0
1500001292,38.9722800,45.6544100,1,0,0,0
1500001293,38.9755400,45.6759000,1,0,0,0
1500001294,39.6106200,45.6825500,1,0,0,0
1500001295,38.8366410,45.6904110,1,0,0,0
1500001296,39.8624710,45.6950010,1,0,0,0
1500001297,39.6077500,45.7067500,1,0,0,0
1500001298,39.8467200,45.7073800,1,0,0,0
1500001299,39.5852040,45.7161880,1,0,0,0
1500001300,39.8891310,45.7211210,1,0,0,0
1500001301,39.9238400,45.7550800,1,0,0,0
1500001302,39.0091070,45.7746210,1,0,0,0
1500001303,39.0100800,45.7750600,1,0,0,0
1500001304,39.5467110,45.7757210,1,0,0,0
1500001305,39.0051340,45.7817420,1,0,0,0
1500001306,39.5389000,45.7840000,1,0,0,0
1500001307,38.6922400,45.7844500,1,0,0,0
1500001308,40.2217170,45.7916410,1,0,0,0
1500001309,40.2214880,45.7920430,1,0,0,0
1500001310,39.0519320,45.7933810,1,0,0,0
1500001311,39.0528920,45.7934990,1,0,0,0
1500001312,39.0529160,45.7937850,1,0,0,0
1500001313,39.0521470,45.7938460,1,0,0,0
1500001314,40.2193140,45.7939200,1,0,0,0
1500001315,39.0016600,45.8051400,1,0,0,0
1500001316,39.0077300,45.8081900,1,0,0,0
1500001317,38.9908280,45.8096580,1,0,0,0
1500001318,39.0017800,45.8118800,1,0,0,0
1500001319,38.9829500,45.8155600,1,0,0,0
1500001320,40.1247540,45.8290170,1,0,0,0
1500001321,39.0213020,45.8321030,1,0,0,0
1500001322,40.1392100,45.8452000,1,0,0,0
1500001323,40.0957100,45.8475900,1,0,0,0
1500001324,40.1355200,45.8477800,1,0,0,0
1500001325,40.1112900,45.8484800,1,0,0,0
1500001326,40.0925700,45.8502700,1,0,0,0
1500001327,40.1414600,45.8516700,1,0,0,0
1500001328,40.0937500,45.8527300,1,0,0,0
1500001329,40.1270110,45.8559310,1,0,0,0
1500001330,40.1276020,45.8562160,1,0,0,0
1500001331,40.1398370,45.8562730,1,0,0,0
1500001332,40.1286910,45.8569920,1,0,0,0
1500001333,40.1582200,45.8572900,1,0,0,0
1500001334,40.1146830,45.8591090,1,0,0,0
1500001335,40.2512200,45.8592000,1,0,0,0
1500001336,40.1236100,45.8601300,1,0,0,0
1500001337,40.0794300,45.8613400,1,0,0,0
1500001338,40.1114100,45.8614600,1,0,0,0
1500001339,40.1096100,45.8627700,1,0,0,0
1500001340,40.1196770,45.8672630,1,0,0,0
1500001341,40.1295810,45.8676610,1,0,0,0
1500001342,40.1447800,45.8683100,1,0,0,0
1500001343,40.1469560,45.8691700,1,0,0,0
1500001344,40.1468530,45.8694080,1,0,0,0
1500001345,39.4659600,45.8828000,1,0,0,0
1500001346,39.5347100,45.8882300,1,0,0,0
1500001347,41.0044100,45.8885700,1,0,0,0
1500001348,40.1282510,45.8889210,1,0,0,0
1500001349,39.0200210,45.8958710,1,0,0,0
1500001350,39.7052630,45.9008850,1,0,0,0
1500001351,40.1447110,45.9166210,1,0,0,0
1500001352,38.8826100,45.9218700,1,0,0,0
1500001353,40.5676970,45.9270610,1,0,0,0
1500001354,40.7123170,45.9346910,1,0,0,0
1500001355,40.6866530,45.9449280,1,0,0,0
1500001356,40.7019420,45.9464050,1,0,0,0
1500001357,40.7021570,45.9465540,1,0,0,0
1500001358,39.3740610,45.9757310,1,0,0,0
1500001359,39.3524700,45.9809200,1,0,0,0
1500001360,40.9659900,45.9814100,1,0,0,0
1500001361,38.1949110,46.0494710,1,0,0,0
1500001362,40.8303700,46.0590300,1,0,0,0
1500001363,38.9854200,46.0628400,1,0,0,0
1500001364,40.8737800,46.0646600,1,0,0,0
1500001365,40.8668920,46.0719640,1,0,0,0
1500001366,40.8673420,46.0720020,1,0,0,0
1500001367,40.9419460,46.0841440,1,0,0,0
1500001368,38.9668810,46.0852510,1,0,0,0
1500001369,38.9549900,46.0878800,1,0,0,0
1500001370,40.8751000,46.0898600,1,0,0,0
1500001371,38.9553710,46.0926710,1,0,0,0
1500001372,38.9446300,46.0990300,1,0,0,0
1500001373,38.9970600,46.1080500,1,0,0,0
1500001374,38.9772190,46.1142020,1,0,0,0
1500001375,39.7799000,46.1200700,1,0,0,0
1500001376,39.7928710,46.1235210,1,0,0,0
1500001377,39.8313900,46.1238300,1,0,0,0
1500001378,39.8641380,46.1250210,1,0,0,0
1500001379,38.9717240,46.1271090,1,0,0,0
1500001380,39.8648500,46.1276400,1,0,0,0
1500001381,39.7663000,46.1277200,1,0,0,0
1500001382,39.8088600,46.1330100,1,0,0,0
1500001383,39.7869700,46.1341600,1,0,0,0
1500001384,39.7683210,46.1371190,1,0,0,0
1500001385,38.7008900,46.1386100,1,0,0,0
1500001386,38.9651500,46.1389200,1,0,0,0
1500001387,38.7048000,46.1410300,1,0,0,0
1500001388,39.7509000,46.1499600,1,0,0,0
1500001389,38.9609780,46.1550380,1,0,0,0
1500001390,38.9650100,46.1924000,1,0,0,0
1500001391,39.1698710,46.2232810,1,0,0,0
1500001392,39.7531500,46.2439700,1,0,0,0
1500001393,39.8115610,46.2785010,1,0,0,0
1500001394,39.8030160,46.2797510,1,0,0,0
1500001395,39.7550700,46.2804600,1,0,0,0
1500001396,38.9426500,46.2811500,1,0,0,0
1500001397,39.7851400,46.2814300,1,0,0,0
1500001398,38.5759800,46.2948100,1,0,0,0
1500001399,38.9328210,46.2989310,1,0,0,0
1500001400,39.8320300,46.3053800,1,0,0,0
1500001401,39.4009420,46.3087680,1,0,0,0
1500001402,38.9552700,46.3133000,1,0,0,0
1500001403,39.3819700,46.3140300,1,0,0,0
1500001404,39.9590080,46.3174990,1,0,0,0
1500001405,39.3843180,46.3201650,1,0,0,0
1500001406,39.4722200,46.3203000,1,0,0,0
1500001407,39.3841680,46.3203340,1,0,0,0
1500001408,38.7213600,46.3204600,1,0,0,0
1500001409,38.9385770,46.3247950,1,0,0,0
1500001410,38.7431200,46.3261000,1,0,0,0
1500001411,38.7510200,46.3280600,1,0,0,0
1500001412,39.3993300,46.3339300,1,0,0,0
1500001413,39.5415200,46.3609100,1,0,0,0
1500001414,39.5436700,46.3622600,1,0,0,0
1500001415,37.9718400,46.4240100,1,0,0,0
1500001416,39.0119410,46.4271510,1,0,0,0
1500001417,39.2127910,46.4314810,1,0,0,0
1500001418,39.9483300,46.4354300,1,0,0,0
1500001419,39.9481500,46.4616000,1,0,0,0
1500001420,39.0385310,46.4629410,1,0,0,0
1500001421,39.0389600,46.5029400,1,0,0,0
1500001422,39.0778800,46.5053300,1,0,0,0
1500001423,39.0810300,46.5060300,1,0,0,0
1500001424,39.1244110,46.5102410,1,0,0,0
1500001425,40.0719800,46.5324000,1,0,0,0
1500001426,39.0435200,46.5359100,1,0,0,0
1500001427,38.9663810,46.5401110,1,0,0,0
1500001428,39.7637700,46.5465200,1,0,0,0
1500001429,39.6185500,46.5473900,1,0,0,0
1500001430,39.6173700,46.5593800,1,0,0,0
1500001431,39.6397100,46.5657000,1,0,0,0
1500001432,39.6729800,46.5709900,1,0,0,0
1500001433,39.6624100,46.5714000,1,0,0,0
1500001434,39.6334790,46.5737160,1,0,0,0
1500001435,39.3681400,46.5747400,1,0,0,0
1500001436,38.7243700,46.6079300,1,0,0,0
1500001437,38.6559300,46.6153000,1,0,0,0
1500001438,39.2486710,46.6191510,1,0,0,0
1500001439,38.6682210,46.6213810,1,0,0,0
1500001440,37.9518400,46.6247300,1,0,0,0
1500001441,38.6035210,46.6294310,1,0,0,0
1500001442,38.6500110,46.6315310,1,0,0,0
1500001443,38.5138700,46.6360800,1,0,0,0
1500001444,38.5047810,46.6364810,1,0,0,0
1500001445,38.5052710,46.6366310,1,0,0,0
1500001446,39.9906500,46.6408800,1,0,0,0
1500001447,38.4299700,46.6456100,1,0,0,0
1500001448,38.4301000,46.6456800,1,0,0,0
1500001449,39.6562640,46.6472820,1,0,0,0
1500001450,38.0764210,46.6486210,1,0,0,0
1500001451,38.5955500,46.6579700,1,0,0,0
1500001452,38.3208100,46.6666100,1,0,0,0
1500001453,38.3067530,46.6669700,1,0,0,0
1500001454,38.2888400,46.6679200,1,0,0,0
1500001455,38.2997470,46.6729150,1,0,0,0
1500001456,38.2992700,46.6735870,1,0,0,0
1500001457,38.2774260,46.6741630,3,0,0,0
1500001458,38.2771960,46.6742220,3,0,0,0
1500001459,38.2775930,46.6743400,3,0,0,0
1500001460,38.2774530,46.6744920,3,0,0,0
1500001461,38.2163000,46.6760300,1,0,0,0
1500001462,38.2853490,46.6771000,1,0,0,0
1500001463,38.2862770,46.6774030,1,0,0,0
1500001464,38.2856250,46.6933480,3,0,0,0
1500001465,38.2799110,46.6935410,1,0,0,0
1500001466,38.2857280,46.6936220,3,0,0,0
1500001467,38.2819100,46.6947150,1,0,0,0
1500001468,38.2850910,46.6975510,1,0,0,0
1500001469,38.2761680,46.7004980,1,0,0,0
1500001470,38.2684140,46.7051950,1,0,0,0
1500001471,38.2884080,46.7069770,1,0,0,0
1500001472,38.2883490,46.7072930,1,0,0,0
1500001473,38.2692810,46.7077410,1,0,0,0
1500001474,39.6653290,46.7835570,1,0,0,0
1500001475,39.6656390,46.7853050,1,0,0,0
1500001476,43.7496490,43.8803610,1,50,0,0
1500001477,42.6986050,43.9012410,1,40,0,0
1500001478,42.7171880,43.9029270,3,0,0,0
1500001479,42.6990720,43.9041380,1,40,0,0
1500001480,42.7079300,43.9090900,1,40,0,0
1500001481,42.7186700,43.9124100,1,40,0,0
1500001482,42.7199100,43.9160100,1,40,0,0
1500001483,42.7214100,43.9205600,1,40,0,0
1500001484,43.6914500,43.9212600,1,70,0,0
1500001485,42.7313720,43.9264310,1,40,0,0
1500001486,42.7253900,43.9311800,1,40,0,0
1500001487,42.7289700,43.9407900,1,40,0,0
1500001488,42.7542980,43.9533050,1,70,0,0
1500001489,43.6062300,43.9585600,1,60,0,0
1500001490,42.7729000,43.9629100,1,60,0,0
1500001491,43.6279200,43.9654000,1,40,0,0
1500001492,42.7833900,43.9712400,1,60,0,0
1500001493,43.6307100,43.9716000,1,40,0,0
1500001494,43.6307100,43.9719000,1,40,0,0
1500001495,42.9455400,43.9796300,1,50,0,0
1500001496,43.2009890,43.9806690,1,90,0,0
1500001497,43.2185900,43.9813400,1,90,0,0
1500001498,43.7436300,43.9907400,1,70,0,0
1500001499,44.3432350,43.9924470,1,70,0,0
1500001500,42.7948850,43.9962380,1,70,0,0
1500001501,43.0426540,43.9976290,1,40,0,0
1500001502,44.0460900,44.0021000,1,70,0,0
1500001503,42.8910280,44.0062500,1,60,0,0
1500001504,43.5910600,44.0128100,1,90,0,0
1500001505,42.8825350,44.0179420,1,60,0,0
1500001506,42.8221750,44.0192040,1,0,0,0
1500001507,42.8063700,44.0202800,1,70,0,0
1500001508,44.4611520,44.0271730,1,0,0,0
1500001509,43.1711900,44.0346100,1,90,0,0
1500001510,42.8190400,44.0385000,1,90,0,0
1500001511,42.8738500,44.0408400,1,40,0,0
1500001512,43.5662800,44.0414500,1,90,0,0
1500001513,42.8821080,44.0443080,1,40,0,0
1500001514,43.1989500,44.0445000,1,90,0,0
1500001515,43.1993700,44.0445500,1,90,0,0
1500001516,42.8152600,44.0462100,1,70,0,0
1500001517,42.8147000,44.0463300,1,70,0,0
1500001518,42.8680830,44.0542090,1,60,0,0
1500001519,42.9098000,44.0542330,1,60,0,0
1500001520,41.9195270,44.0543840,1,0,0,0
1500001521,43.2134100,44.0557000,1,70,0,0
1500001522,42.8323900,44.0564600,1,60,0,0
1500001523,43.1787030,44.0579670,1,90,0,0
1500001524,43.0693920,44.0583560,1,0,0,0
1500001525,43.0738170,44.0656240,1,60,0,0
1500001526,43.2286500,44.0692300,1,50,0,0
1500001527,42.9120800,44.0703100,1,70,0,0
1500001528,42.9282600,44.0703100,1,70,0,0
1500001529,42.8652780,44.0705560,1,60,0,0
1500001530,43.0827780,44.0816670,1,60,0,0
1500001531,42.7746700,44.0828800,1,50,0,0
1500001532,43.2457790,44.0859250,1,70,0,0
1500001533,42.9583700,44.0885700,1,50,0,0
1500001534,42.7677000,44.0945200,1,50,0,0
1500001535,43.2847440,44.1015870,1,60,0,0
1500001536,43.5341530,44.1068680,1,70,0,0
1500001537,43.4145700,44.1136500,1,40,0,0
1500001538,43.4250560,44.1147010,1,40,0,0
1500001539,43.1108330,44.1217660,1,90,0,0
1500001540,43.1205200,44.1291200,1,70,0,0
1500001541,43.5085750,44.1291490,1,90,0,0
1500001542,43.0174800,44.1359100,1,60,0,0
1500001543,43.5016600,44.1362100,1,90,0,0
1500001544,43.1242700,44.1401900,1,70,0,0
1500001545,43.1285000,44.1472000,1,70,0,0
1500001546,42.9765590,44.1537070,1,90,0,0
1500001547,43.1316000,44.1728000,1,60,0,0
1500001548,42.6805400,44.1736100,1,60,0,0
1500001549,43.3993000,44.1802400,1,90,0,0
1500001550,42.6595100,44.1846600,1,40,0,0
1500001551,43.1308000,44.1864000,1,60,0,0
1500001552,42.6458400,44.1923500,1,40,0,0
1500001553,43.4319100,44.1976700,1,40,0,0
1500001554,43.1095500,44.2026000,3,0,0,0
1500001555,43.4349400,44.2039100,1,60,0,0
1500001556,43.1042000,44.2048000,1,60,0,0
1500001557,42.7061100,44.2097600,1,70,0,0
1500001558,43.4905500,44.2122000,1,70,0,0
1500001559,43.3726000,44.2194000,1,40,0,0
1500001560,43.1939100,44.2266600,1,60,0,0
1500001561,43.3501000,44.2284000,1,60,0,0
1500001562,42.9997000,44.2310900,1,60,0,0
1500001563,42.8102900,44.2314800,1,60,0,0
1500001564,43.0329170,44.2370400,1,70,0,0
1500001565,43.0269440,44.2463890,1,60,0,0
1500001566,43.0270700,44.2466000,1,60,0,0
1500001567,43.1261000,44.2519000,1,50,0,0
1500001568,43.5623100,44.2530900,1,60,0,0
1500001569,43.0206500,44.2575000,1,60,0,0
1500001570,43.0183400,44.2583300,1,0,0,0
1500001571,42.9430000,44.3036000,1,70,0,0
1500001572,45.0805400,44.3328500,1,90,0,0
1500001573,42.8809300,44.3480120,1,0,0,0
1500001574,43.1666100,44.3741400,1,90,0,0
1500001575,42.7941810,44.3902950,1,70,0,0
1500001576,43.8511430,44.4036000,1,60,0,0
1500001577,42.7324410,44.4149490,1,70,0,0
1500001578,43.1660300,44.4187200,1,90,0,0
1500001579,43.8754000,44.4302000,1,40,0,0
1500001580,42.6804000,44.4357000,1,90,0,0
1500001581,42.5731280,44.4438380,1,0,0,0
1500001582,42.5816000,44.4595000,1,70,0,0
1500001583,42.5078800,44.4867500,1,60,0,0
1500001584,42.5074900,44.4869400,1,60,0,0
1500001585,41.8295800,44.5274500,1,50,0,0
1500001586,42.3881300,44.5360900,1,70,0,0
1500001587,42.3865720,44.5366590,1,70,0,0
1500001588,41.8344900,44.5414700,1,90,0,0
1500001589,44.0003280,44.5605430,1,70,0,0
1500001590,44.0183300,44.5620500,1,60,0,0
1500001591,43.9992000,44.5665500,1,0,0,0
1500001592,41.8723500,44.5713500,1,60,0,0
1500001593,43.1302700,44.5900400,1,90,0,0
1500001594,43.1200800,44.5977500,1,70,0,0
1500001595,44.4624130,44.6035700,1,0,0,0
1500001596,42.0860170,44.6207060,1,70,0,0
1500001597,41.9446500,44.6320700,1,40,0,0
1500001598,41.8381800,44.6371400,1,70,0,0
1500001599,41.8377800,44.6377100,1,70,0,0
1500001600,41.9636000,44.6416100,1,70,0,0
1500001601,41.9336700,44.6496900,1,60,0,0
1500001602,41.9257500,44.6535100,1,60,0,0
1500001603,44.9516900,44.6560400,1,50,0,0
1500001604,41.9023600,44.6640000,1,60,0,0
1500001605,41.7992700,44.6830200,1,70,0,0
1500001606,43.9937300,44.6973600,1,50,0,0
1500001607,41.8491670,44.7130560,1,90,0,0
1500001608,44.1916400,44.7230600,1,40,0,0
1500001609,41.7985550,44.7281810,1,90,0,0
1500001610,43.7213050,44.7304200,1,70,0,0
1500001611,44.0882200,44.7379200,1,70,0,0
1500001612,42.9396700,44.7402000,1,60,0,0
1500001613,44.0971520,44.7451370,1,0,0,0
1500001614,42.9282100,44.7455080,3,0,0,0
1500001615,44.9861800,44.7522800,1,60,0,0
1500001616,43.6304900,44.7551700,1,90,0,0
1500001617,44.1941600,44.7570100,1,70,0,0
1500001618,41.6117900,44.7609800,1,90,0,0
1500001619,43.4388700,44.7614000,1,60,0,0
1500001620,44.1528190,44.7761650,3,40,0,0
1500001621,41.8346940,44.7776940,1,70,0,0
1500001622,44.1662660,44.7833220,3,20,0,0
1500001623,44.9182200,44.7874000,1,60,0,0
1500001624,43.3392500,44.7900600,1,90,0,0
1500001625,42.8353800,44.7943300,1,70,0,0
1500001626,41.8595810,44.7958340,1,70,0,0
1500001627,41.8592150,44.7962800,1,70,0,0
1500001628,44.1998000,44.8034400,1,40,0,0
1500001629,43.2761700,44.8043700,1,70,0,0
1500001630,44.1929500,44.8107300,1,60,0,0
1500001631,43.2452100,44.8110100,1,70,0,0
1500001632,44.2549640,44.8232430,1,0,0,0
1500001633,42.8490570,44.8318120,3,0,0,0
1500001634,44.6519400,44.8344900,1,40,0,0
1500001635,41.9337100,44.8526100,1,60,0,0
1500001636,41.9335300,44.8528700,1,60,0,0
1500001637,41.7564610,44.8669680,1,0,0,0
1500001638,43.0800300,44.8817000,1,70,0,0
1500001639,41.9267300,44.8941900,1,40,0,0
1500001640,42.7568800,44.9076800,1,70,0,0
1500001641,41.9564270,44.9520650,1,70,0,0
1500001642,41.9393300,44.9915500,1,60,0,0
1500001643,41.9396200,44.9915800,1,60,0,0
1500001644,41.9248340,44.9980181,3,0,0,0
1500001645,41.9255710,45.0000780,1,40,0,0
1500001646,41.9256000,45.0001500,1,40,0,0
1500001647,41.9445800,45.0037900,1,60,0,0
1500001648,41.9272220,45.0050000,1,60,0,0
1500001649,41.9272220,45.0052780,1,60,0,0
1500001650,41.9426780,45.0063820,1,60,0,0
1500001651,41.8937720,45.0144080,1,40,0,0
1500001652,41.8944270,45.0149120,1,40,0,0
1500001653,41.9335870,45.0196550,3,0,0,0
1500001654,41.8305700,45.0210700,1,60,0,0
1500001655,41.9009400,45.0245300,3,60,0,0
1500001656,41.8987900,45.0267500,1,60,0,0
1500001657,41.9372220,45.0311110,3,0,0,0
1500001658,41.9122220,45.0388890,3,0,0,0
1500001659,41.9656220,45.0392080,3,0,0,0
1500001660,41.9120400,45.0418000,1,60,0,0
1500001661,41.9117500,45.0420070,1,40,0,0
1500001662,41.9607330,45.0436860,3,0,0,0
1500001663,41.9705900,45.0446800,1,40,0,0
1500001664,41.9710600,45.0469500,1,40,0,0
1500001665,41.9120680,45.0477430,1,60,0,0
1500001666,42.0142500,45.0482800,1,60,0,0
1500001667,41.9836110,45.0494440,3,0,0,0
1500001668,42.0201530,45.0500220,1,40,0,0
1500001669,42.0492180,45.0563320,1,60,0,0
1500001670,42.0998100,45.0580000,1,70,0,0
1500001671,41.9225100,45.0620480,3,0,0,0
1500001672,42.1221120,45.0622030,1,50,0,0
1500001673,42.1342000,45.0644000,1,90,0,0
1500001674,42.0849800,45.0656600,1,90,0,0
1500001675,41.9353590,45.0746910,1,40,0,0
1500001676,41.9347220,45.0750000,1,60,0,0
1500001677,41.5687020,45.0782180,1,0,0,0
1500001678,42.0702400,45.0818500,1,40,0,0
1500001679,41.9461110,45.0902780,1,60,0,0
1500001680,41.9461110,45.0905560,1,60,0,0
1500001681,42.2135000,45.0933000,1,90,0,0
1500001682,42.0377900,45.0969600,1,70,0,0
1500001683,42.2269900,45.0975300,1,60,0,0
1500001684,42.2283400,45.0979500,1,60,0,0
1500001685,42.0157800,45.0990700,1,70,0,0
1500001686,43.1883400,45.1004700,1,70,0,0
1500001687,42.0186600,45.1048600,1,70,0,0
1500001688,42.0140500,45.1064300,1,50,0,0
1500001689,42.0177200,45.1066400,1,90,0,0
1500001690,41.9599700,45.1078500,1,90,0,0
1500001691,41.9539960,45.1086680,1,50,0,0
1500001692,42.9781550,45.1107320,1,50,0,0
1500001693,41.9557100,45.1119500,1,50,0,0
1500001694,43.4343100,45.1124400,1,60,0,0
1500001695,43.3051920,45.1127470,1,0,0,0
1500001696,42.1035650,45.1134100,3,0,0,0
1500001697,42.0334600,45.1157300,1,70,0,0
1500001698,42.2975000,45.1168300,1,60,0,0
1500001699,41.9596600,45.1171000,1,60,0,0
1500001700,41.9615300,45.1205800,1,60,0,0
1500001701,41.9625000,45.1308830,1,60,0,0
1500001702,42.3449000,45.1345000,1,70,0,0
1500001703,41.9628300,45.1347800,1,60,0,0
1500001704,42.0664800,45.1358400,1,50,0,0
1500001705,41.9707500,45.1449600,1,70,0,0
1500001706,41.9711600,45.1449800,1,70,0,0
1500001707,41.9727900,45.1468900,1,50,0,0
1500001708,42.7640770,45.1551430,1,0,0,0
1500001709,41.9723000,45.1703300,1,90,0,0
1500001710,42.9397940,45.1744380,1,70,0,0
1500001711,41.9690600,45.1914700,1,70,0,0
1500001712,42.3953000,45.1993000,1,40,0,0
1500001713,41.9512220,45.2003610,1,70,0,0
1500001714,41.9690620,45.2030710,1,70,0,0
1500001715,42.9245700,45.2108600,1,50,0,0
1500001716,41.9684000,45.2284400,1,90,0,0
1500001717,41.8359740,45.2440580,1,50,0,0
1500001718,41.8331000,45.2454000,1,50,0,0
1500001719,42.4788600,45.2512100,1,70,0,0
1500001720,41.9349190,45.2692330,1,70,0,0
1500001721,42.9112400,45.2709900,1,50,0,0
1500001722,42.8007400,45.3049300,1,90,0,0
1500001723,41.7288700,45.3460800,1,70,0,0
1500001724,42.8486300,45.3484000,1,60,0,0
1500001725,42.8468600,45.3484700,1,40,0,0
1500001726,42.0121000,45.3488700,1,50,0,0
1500001727,41.9544100,45.3511100,1,70,0,0
1500001728,41.9542970,45.3515800,1,70,0,0
1500001729,41.7116060,45.3528200,1,60,0,0
1500001730,41.6987350,45.3575520,1,0,0,0
1500001731,42.8646000,45.3582900,1,0,0,0
1500001732,41.6929500,45.3598100,1,40,0,0
1500001733,41.6057500,45.3643500,1,90,0,0
1500001734,41.9710400,45.4460400,1,40,0,0
1500001735,44.0514000,45.4526000,1,0,0,0
1500001736,41.1727520,45.4626600,1,50,0,0
1500001737,41.2859194,45.4744162,1,70,0,0
1500001738,41.0905800,45.4769900,1,60,0,0
1500001739,41.2246200,45.4937400,1,40,0,0
1500001740,41.2260700,45.5009500,1,40,0,0
1500001741,41.3114100,45.5512000,1,60,0,0
1500001742,41.9399340,45.6178870,1,70,0,0
1500001743,41.9247700,45.6304300,1,90,0,0
1500001744,41.3910500,45.6378300,1,40,0,0
1500001745,42.8104500,45.7604080,1,90,0,0
1500001746,41.7930900,45.7828500,1,50,0,0
1500001747,41.7926600,45.7832900,1,50,0,0
1500001748,42.6607700,45.7923800,1,90,0,0
1500001749,43.0765300,45.8010400,1,60,0,0
1500001750,41.4943400,45.8313400,1,40,0,0
1500001751,41.4935260,45.8314360,1,40,0,0
1500001752,42.1993100,45.9006000,1,90,0,0
1500001753,41.2980560,45.9036110,1,60,0,0
1500001754,43.3311700,45.9063300,1,60,0,0
1500001755,41.2883280,45.9380140,1,70,0,0
1500001756,40.8591590,46.3374070,1,90,0,0
1500001757,41.4423040,46.4889780,1,70,0,0
1500001758,40.7356680,46.5004330,1,70,0,0
1500001759,41.0846960,46.5263180,1,0,0,0
1500001760,43.6586080,46.5313890,1,0,0,0
1500001761,40.0731480,46.5398890,1,90,0,0
1500001762,40.6692310,46.5566980,1,40,0,0
1500001763,40.2863230,46.8135150,1,0,0,0
1500001764,40.2323030,46.8348790,1,0,0,0
1500001765,40.9423680,46.8490220,1,90,0,0
1500001766,40.1477670,46.8829480,1,60,0,0
1500001767,39.7159100,46.9550000,1,90,0,0
1500001768,39.7277470,46.9937790,1,90,0,0
1500001769,39.3881940,47.0018980,1,0,0,0
1500001770,39.9681840,47.0037890,1,0,0,0
1500001771,42.8080930,47.0053080,1,0,0,0
1500001772,42.1753590,47.0148570,1,70,0,0
1500001773,39.7396630,47.0309520,1,50,0,0
1500001774,39.8076630,47.0649040,1,90,0,0
1500001775,39.4259580,47.0694000,1,60,0,0
1500001776,39.7580630,47.0747160,1,90,0,0
1500001777,39.5376310,47.0824260,1,40,0,0
1500001778,39.4818910,47.0843180,1,50,0,0
1500001779,39.5962020,47.0847930,1,70,0,0
1500001780,39.6106950,47.0912360,1,90,0,0
1500001781,39.6467700,47.1069540,1,60,0,0
1500001782,39.6521480,47.1098180,1,60,0,0
1500001783,39.8560880,47.1151030,1,0,0,0
1500001784,39.6605730,47.1197380,1,90,0,0
1500001785,39.7742820,47.1269400,1,50,0,0
1500001786,39.9587490,47.1315670,1,50,0,0
1500001787,42.4850550,47.1519070,1,40,0,0
1500001788,39.7198120,47.1540520,1,90,0,0
1500001789,39.7701020,47.1544690,1,0,0,0
1500001790,39.8124900,47.1584080,1,0,0,0
1500001791,40.2678910,47.1653420,1,90,0,0
1500001792,39.8713670,47.1660950,1,90,0,0
1500001793,38.3814970,47.1683480,1,50,0,0
1500001794,39.6302870,47.1895690,1,0,0,0
1500001795,39.6353750,47.1918500,1,40,0,0
1500001796,39.6364170,47.1920680,1,60,0,0
1500001797,39.6256510,47.1963070,1,0,0,0
1500001798,39.6579320,47.1973770,1,0,0,0
1500001799,39.6681670,47.2015530,3,60,0,0
1500001800,39.7179070,47.2021550,1,60,0,0
1500001801,39.7179860,47.2022160,1,60,0,0
1500001802,39.7771190,47.2025030,1,60,0,0
1500001803,39.6764820,47.2065330,1,0,0,0
1500001804,39.7398430,47.2070610,1,60,0,0
1500001805,39.7239430,47.2106880,1,60,0,0
1500001806,39.7293090,47.2109100,1,0,0,0
1500001807,39.6741320,47.2109140,1,60,0,0
1500001808,39.6770580,47.2112060,1,60,0,0
1500001809,39.6783780,47.2112320,1,0,0,0
1500001810,39.6134150,47.2112380,1,60,0,0
1500001811,39.6639500,47.2113190,1,60,0,0
1500001812,39.6847750,47.2115970,1,60,0,0
1500001813,39.6600450,47.2116110,1,60,0,0
1500001814,39.6133320,47.2117560,1,60,0,0
1500001815,39.6912650,47.2120700,1,60,0,0
1500001816,39.6399320,47.2123010,1,60,0,0
1500001817,39.6311310,47.2123750,1,40,0,0
1500001818,39.7234520,47.2124700,1,0,0,0
1500001819,39.6862290,47.2145070,1,0,0,0
1500001820,39.6989680,47.2145430,1,60,0,0
1500001821,39.7013720,47.2153740,1,0,0,0
1500001822,39.7011860,47.2157910,1,0,0,0
1500001823,39.7229320,47.2160700,1,40,0,0
1500001824,39.6791580,47.2163770,1,0,0,0
1500001825,39.7088890,47.2163890,1,0,0,0
1500001826,39.7064060,47.2164210,1,60,0,0
1500001827,39.6950000,47.2177780,1,0,0,0
1500001828,39.6975790,47.2179360,1,0,0,0
1500001829,39.7088340,47.2179410,1,0,0,0
1500001830,39.6456540,47.2184880,1,0,0,0
1500001831,39.6941670,47.2188890,1,0,0,0
1500001832,39.7038880,47.2190790,1,60,0,0
1500001833,39.7077780,47.2191670,3,0,0,0
1500001834,39.7200900,47.2192400,3,0,0,0
1500001835,39.6455300,47.2193480,1,0,0,0
1500001836,39.6923440,47.2196030,1,0,0,0
1500001837,39.7075250,47.2199230,3,0,0,0
1500001838,39.6571100,47.2202470,1,60,0,0
1500001839,39.6926880,47.2221420,1,0,0,0
1500001840,39.7185640,47.2222790,3,0,0,0
1500001841,39.7000000,47.2225250,1,0,0,0
1500001842,39.7225600,47.2233350,1,0,0,0
1500001843,39.7252680,47.2237400,1,0,0,0
1500001844,39.6139790,47.2239190,1,60,0,0
1500001845,39.6136060,47.2242950,1,40,0,0
1500001846,39.7054640,47.2246080,3,0,0,0
1500001847,39.7048080,47.2260620,3,0,0,0
1500001848,39.7165770,47.2269970,3,0,0,0
1500001849,39.7191670,47.2283330,1,0,0,0
1500001850,39.7161040,47.2288500,3,0,0,0
1500001851,39.7735820,47.2293450,1,60,0,0
1500001852,39.7032110,47.2294980,1,60,0,0
1500001853,39.6292340,47.2296640,1,0,0,0
1500001854,39.7401200,47.2319810,3,0,0,0
1500001855,39.7327270,47.2323470,1,60,0,0
1500001856,39.6178120,47.2323710,1,40,0,0
1500001857,39.7900160,47.2337680,1,60,0,0
1500001858,39.7892660,47.2340840,1,60,0,0
1500001859,39.7133330,47.2344440,1,0,0,0
1500001860,39.7136500,47.2345720,1,60,0,0
1500001861,39.7059920,47.2346830,1,60,0,0
1500001862,39.7659650,47.2349040,1,60,0,0
1500001863,39.7383380,47.2349890,1,0,0,0
1500001864,39.7006970,47.2357010,1,60,0,0
1500001865,39.7007910,47.2357330,1,60,0,0
1500001866,39.7171960,47.2371970,1,0,0,0
1500001867,39.8157640,47.2372760,1,60,0,0
1500001868,39.6235150,47.2374600,1,60,0,0
1500001869,39.7446370,47.2375150,1,0,0,0
1500001870,39.7441080,47.2376200,1,0,0,0
1500001871,39.6149380,47.2376340,1,0,0,0
1500001872,39.7132940,47.2389380,1,0,0,0
1500001873,39.7135820,47.2401750,1,60,0,0
1500001874,39.6983850,47.2402200,1,60,0,0
1500001875,39.7990000,47.2404370,1,40,0,0
1500001876,39.7131600,47.2404470,1,60,0,0
1500001877,39.6715990,47.2416540,6,0,0,0
1500001878,39.7627440,47.2422930,1,0,0,0
1500001879,39.6978280,47.2424670,1,60,0,0
1500001880,39.7641660,47.2425640,1,0,0,0
1500001881,39.8395850,47.2430430,1,40,0,0
1500001882,39.7666510,47.2435320,1,40,0,0
1500001883,39.7286300,47.2437130,1,60,0,0
1500001884,39.6460530,47.2441220,1,60,0,0
1500001885,39.7724100,47.2465810,1,0,0,0
1500001886,39.7127570,47.2469270,1,60,0,0
1500001887,39.6971240,47.2474110,1,60,0,0
1500001888,39.8436320,47.2476560,1,0,0,0
1500001889,39.6972780,47.2483870,1,0,0,0
1500001890,39.6968990,47.2484340,1,0,0,0
1500001891,39.7510500,47.2492130,1,0,0,0
1500001892,39.7549570,47.2493450,1,0,0,0
1500001893,39.7124420,47.2497850,3,0,0,0
1500001894,39.7140540,47.2526650,1,0,0,0
1500001895,39.7023840,47.2530700,1,0,0,0
1500001896,39.7141840,47.2534490,1,0,0,0
1500001897,39.6937970,47.2539360,1,60,0,0
1500001898,39.7942970,47.2557520,1,60,0,0
1500001899,39.7655980,47.2558520,1,0,0,0
1500001900,39.7644090,47.2561220,1,60,0,0
1500001901,39.6163370,47.2561500,1,60,0,0
1500001902,39.7670750,47.2566040,1,0,0,0
1500001903,39.6973220,47.2567030,1,60,0,0
1500001904,39.6911120,47.2575120,1,0,0,0
1500001905,39.6266960,47.2592860,1,40,0,0
1500001906,39.6907010,47.2594940,1,60,0,0
1500001907,39.6243610,47.2596620,1,0,0,0
1500001908,39.6232480,47.2598230,1,0,0,0
1500001909,39.6741150,47.2602890,1,0,0,0
1500001910,39.6830310,47.2616930,1,60,0,0
1500001911,39.7187500,47.2617660,1,60,0,0
1500001912,39.6837570,47.2625060,1,60,0,0
1500001913,39.6615570,47.2629420,1,60,0,0
1500001914,39.7760560,47.2638800,1,60,0,0
1500001915,39.7144100,47.2645010,1,60,0,0
1500001916,39.7208550,47.2648980,1,60,0,0
1500001917,39.6824380,47.2652060,1,40,0,0
1500001918,39.8182480,47.2680550,1,60,0,0
1500001919,39.6651670,47.2690470,1,60,0,0
1500001920,39.7202550,47.2709950,1,60,0,0
1500001921,39.8222280,47.2735360,1,0,0,0
1500001922,39.7821150,47.2772350,1,0,0,0
1500001923,39.8931700,47.2779800,1,40,0,0
1500001924,39.7502480,47.2786180,1,60,0,0
1500001925,39.7165500,47.2807230,1,60,0,0
1500001926,39.7169650,47.2807720,1,60,0,0
1500001927,39.7069440,47.2810740,1,60,0,0
1500001928,38.9498200,47.2814500,1,50,0,0
1500001929,39.8504530,47.2817040,1,90,0,0
1500001930,39.7586370,47.2826180,1,60,0,0
1500001931,39.7348720,47.2827880,1,60,0,0
1500001932,39.7105400,47.2829340,1,40,0,0
1500001933,39.6902780,47.2830290,1,60,0,0
1500001934,39.8571510,47.2830930,1,60,0,0
1500001935,39.6933170,47.2851120,1,0,0,0
1500001936,39.6938160,47.2854330,1,0,0,0
1500001937,39.7035570,47.2891040,1,60,0,0
1500001938,39.7038770,47.2897350,1,60,0,0
1500001939,39.1443400,47.2900700,6,0,0,0
1500001940,39.7141010,47.2909430,1,60,0,0
1500001941,39.7144120,47.2914700,1,60,0,0
1500001942,39.8309570,47.2948820,1,60,0,0
1500001943,39.2528900,47.2963000,1,90,0,0
1500001944,39.2177250,47.2985150,1,60,0,0
1500001945,39.7849530,47.2985290,1,60,0,0
1500001946,39.7837680,47.2994290,1,60,0,0
1500001947,39.8105650,47.3018500,1,40,0,0
1500001948,39.8033820,47.3067250,1,60,0,0
1500001949,39.7846150,47.3123130,1,60,0,0
1500001950,39.6468550,47.3145940,1,70,0,0
1500001951,39.7405410,47.3196990,1,0,0,0
1500001952,39.0343070,47.3214610,1,60,0,0
1500001953,39.6443070,47.3339270,1,0,0,0
1500001954,39.7366150,47.3397200,1,60,0,0
1500001955,39.8754870,47.3489680,1,0,0,0
1500001956,39.8833600,47.3576300,1,50,0,0
1500001957,39.6942500,47.3683200,1,0,0,0
1500001958,41.1422900,47.3708380,1,0,0,0
1500001959,39.9483040,47.3980620,1,0,0,0
1500001960,39.8368100,47.3995900,1,0,0,0
1500001961,41.2247620,47.4058990,1,70,0,0
1500001962,40.3015280,47.4110440,1,60,0,0
1500001963,40.0153440,47.4193840,1,90,0,0
1500001964,40.0779070,47.4221030,1,40,0,0
1500001965,38.9337150,47.4292750,1,50,0,0
1500001966,39.9659080,47.4397850,1,0,0,0
1500001967,39.8750280,47.4428110,1,90,0,0
1500001968,41.9583720,47.4609170,1,90,0,0
1500001969,40.1028650,47.4910500,1,40,0,0
1500001970,42.0646170,47.4914010,1,70,0,0
1500001971,41.1607830,47.4939620,1,70,0,0
1500001972,39.9705500,47.5104400,1,110,0,0
1500001973,41.1094580,47.5169730,1,90,0,0
1500001974,41.1013900,47.5207670,1,90,0,0
1500001975,42.1507000,47.5276900,6,0,0,0
1500001976,42.0662960,47.5280880,1,60,0,0
1500001977,38.8912680,47.5442690,1,70,0,0
1500001978,38.8835210,47.5740520,1,50,0,0
1500001979,39.3832410,47.5923480,1,60,0,0
1500001980,40.1609750,47.5945940,1,90,0,0
1500001981,39.7227770,47.6025000,1,60,0,0
1500001982,39.7025670,47.6244440,1,60,0,0
1500001983,40.2659240,47.6340350,1,90,0,0
1500001984,41.1435920,47.6358400,1,90,0,0
1500001985,42.0550270,47.6484570,1,40,0,0
1500001986,40.1924530,47.6558480,1,40,0,0
1500001987,38.7242700,47.6694800,1,0,0,0
1500001988,40.8638050,47.6698000,1,90,0,0
1500001989,40.0814980,47.6906530,1,0,0,0
1500001990,40.1123500,47.6984370,1,50,0,0
1500001991,41.4303370,47.7049700,1,60,0,0
1500001992,40.2107580,47.7110330,1,0,0,0
1500001993,39.4566680,47.7137350,1,60,0,0
1500001994,40.1503220,47.7625070,1,50,0,0
1500001995,39.9004550,47.8120470,1,60,0,0
1500001996,39.8936820,47.8164080,1,40,0,0
1500001997,39.9336880,47.8975830,1,0,0,0
1500001998,40.5045930,48.1786250,6,0,0,0
1500001999,40.9162100,48.2424630,1,50,0,0
1500002000,41.8215900,48.3297300,1,90,0,0
1500002001,40.3373500,48.3665300,1,0,0,0
1500002002,40.3577130,48.8944160,1,70,0,0
1500002003,40.6592730,49.3561960,1,0,0,0
1500002004,40.4261420,49.3937220,1,0,0,0
1500002005,40.1537700,53.4037200,1,0,0,0
1500002006,40.1212800,53.4501600,1,50,0,0
1500002007,40.1159000,53.4598700,1,0,0,0
1500002008,40.0494900,53.5654700,1,70,0,0
1500002009,40.0373330,53.5913330,1,60,0,0
1500002010,39.4565030,53.5927060,1,90,0,0
1500002011,39.4880640,53.6010590,1,60,0,0
1500002012,39.5229930,53.6186880,1,60,0,0
1500002013,39.9812200,53.6558200,1,70,0,0
1500002014,40.0997810,53.6783600,1,60,0,0
1500002015,39.9414600,53.7033000,1,50,0,0
1500002016,40.0698330,53.7054170,1,60,0,0
1500002017,39.8208610,53.7523330,1,90,0,0
1500002018,41.2285540,53.7571190,1,60,0,0
1500002019,39.7237300,53.7769500,1,90,0,0
1500002020,41.0285280,53.7779440,1,60,0,0
1500002021,39.5368390,53.7816170,1,0,0,0
1500002022,39.5356260,53.7902640,1,60,0,0
1500002023,40.0896110,53.8013890,1,60,0,0
1500002024,40.0910280,53.8222780,1,60,0,0
1500002025,39.6440000,53.8378330,1,50,0,0
1500002026,39.6430000,53.8388610,1,50,0,0
1500002027,41.0455320,53.8717270,1,60,0,0
1500002028,39.5638400,53.9059100,1,90,0,0
1500002029,40.1106600,53.9113100,1,90,0,0
1500002030,39.5279440,53.9221940,1,60,0,0
1500002031,39.5235000,53.9243330,1,60,0,0
1500002032,39.4686000,53.9445400,1,70,0,0
1500002033,40.1083610,53.9461940,1,60,0,0
1500002034,39.4293300,53.9584600,1,90,0,0
1500002035,40.7607980,54.0129500,1,60,0,0
1500002036,41.8115800,54.0196700,1,90,0,0
1500002037,39.3236000,54.0199700,1,90,0,0
1500002038,41.7513300,54.0206200,1,60,0,0
1500002039,41.6827200,54.0208000,1,60,0,0
1500002040,40.0989440,54.0248890,1,40,0,0
1500002041,41.7277700,54.0264800,1,40,0,0
1500002042,41.7623600,54.0434500,1,0,0,0
1500002043,40.7857000,54.0503140,1,60,0,0
1500002044,39.6052100,54.0528000,1,90,0,0
1500002045,39.5996600,54.0685300,1,70,0,0
1500002046,40.0892430,54.0723350,1,60,0,0
1500002047,41.4404440,54.0775000,1,90,0,0
1500002048,41.9530400,54.0792100,1,90,0,0
1500002049,40.0808330,54.0948490,1,60,0,0
1500002050,39.5986280,54.1011080,1,60,0,0
1500002051,41.3427220,54.1061390,1,90,0,0
1500002052,39.1992960,54.1092960,1,70,0,0
1500002053,42.0803330,54.1185280,1,60,0,0
1500002054,39.1848700,54.1201900,1,0,0,0
1500002055,40.8335810,54.1213560,1,0,0,0
1500002056,41.2603330,54.1268610,1,90,0,0
1500002057,40.0368890,54.1352500,1,60,0,0
1500002058,41.1749900,54.1459500,1,70,0,0
1500002059,39.1454762,54.1487805,1,0,0,0
1500002060,41.1582118,54.1494808,1,0,0,0
1500002061,40.0392050,54.1631350,1,0,0,0
1500002062,39.1142300,54.1744600,1,0,0,0
1500002063,40.0490830,54.1892780,1,60,0,0
1500002064,38.9372780,54.1931670,1,50,0,0
1500002065,39.0944900,54.1959900,1,0,0,0
1500002066,39.0857300,54.2062600,1,0,0,0
1500002067,38.9676800,54.2089400,1,50,0,0
1500002068,41.0395280,54.2118330,1,60,0,0
1500002069,39.5720300,54.2134300,1,70,0,0
1500002070,38.9809689,54.2177770,1,0,0,0
1500002071,40.0151600,54.2199870,1,60,0,0
1500002072,40.9016940,54.2305000,1,60,0,0
1500002073,39.0641300,54.2361400,1,0,0,0
1500002074,39.9112590,54.2460560,1,0,0,0
1500002075,40.8667220,54.2560830,1,90,0,0
1500002076,39.5844170,54.2577220,1,60,0,0
1500002077,39.1040400,54.2611270,1,0,0,0
1500002078,39.0048330,54.2628890,1,90,0,0
1500002079,39.0051940,54.2630830,1,90,0,0
1500002080,39.1586100,54.2683300,1,0,0,0
1500002081,38.9933500,54.2743500,1,40,0,0
1500002082,40.8352780,54.2760830,1,90,0,0
1500002083,39.5845830,54.2805000,1,60,0,0
1500002084,39.9675610,54.2838500,1,60,0,0
1500002085,39.1790900,54.2840800,1,40,0,0
1500002086,40.2762500,54.2872780,1,70,0,0
1500002087,40.2480560,54.2903330,1,90,0,0
1500002088,40.4709300,54.2962800,1,90,0,0
1500002089,40.6915700,54.2974700,1,90,0,0
1500002090,41.8706390,54.2976390,1,60,0,0
1500002091,40.5612200,54.2977200,1,90,0,0
1500002092,40.2316110,54.2977500,1,60,0,0
1500002093,40.2310830,54.2985560,1,60,0,0
1500002094,40.6489300,54.2988200,1,90,0,0
1500002095,40.8605000,54.2996390,1,60,0,0
1500002096,40.2124900,54.2999900,1,0,0,0
1500002097,40.2128000,54.3003200,1,0,0,0
1500002098,40.5265000,54.3013890,1,60,0,0
1500002099,38.9360900,54.3030300,1,0,0,0
1500002100,39.9636940,54.3055960,1,0,0,0
1500002101,40.1615820,54.3201330,1,0,0,0
1500002102,38.8464600,54.3211600,1,0,0,0
1500002103,39.2335700,54.3262600,1,70,0,0
1500002104,40.9522500,54.3349440,1,60,0,0
1500002105,40.1401940,54.3371110,1,90,0,0
1500002106,38.7749700,54.3507700,1,70,0,0
1500002107,39.6195830,54.3619170,1,60,0,0
1500002108,39.2864720,54.3719170,1,0,0,0
1500002109,39.9284340,54.3763200,1,60,0,0
1500002110,40.2342170,54.4012940,1,0,0,0
1500002111,39.3557000,54.4085200,1,50,0,0
1500002112,40.0668500,54.4188300,1,90,0,0
1500002113,39.3713890,54.4221110,1,50,0,0
1500002114,40.0610200,54.4254200,1,90,0,0
1500002115,40.3791290,54.4275890,1,40,0,0
1500002116,39.8886940,54.4453890,1,40,0,0
1500002117,39.8790100,54.4593500,1,70,0,0
1500002118,42.0131280,54.4679500,1,0,0,0
1500002119,40.0258610,54.4694440,1,90,0,0
1500002120,39.7159600,54.4715100,1,90,0,0
1500002121,39.9902220,54.4779170,1,90,0,0
1500002122,39.8205300,54.4863700,1,50,0,0
1500002123,39.4875000,54.5084170,1,50,0,0
1500002124,39.7952950,54.5128850,1,60,0,0
1500002125,39.7572780,54.5156110,1,60,0,0
1500002126,39.8898060,54.5157780,1,90,0,0
1500002127,39.4966900,54.5192900,1,50,0,0
1500002128,39.8768330,54.5253890,1,90,0,0
1500002129,39.7845280,54.5385560,1,60,0,0
1500002130,39.9948840,54.5450860,1,60,0,0
1500002131,39.8365280,54.5451940,1,60,0,0
1500002132,39.8317220,54.5506940,1,40,0,0
1500002133,39.7863100,54.5564500,1,60,0,0
1500002134,39.5325830,54.5569440,1,50,0,0
1500002135,39.8208500,54.5612200,1,0,0,0
1500002136,39.9636730,54.5693170,1,50,0,0
1500002137,39.8060900,54.5696300,1,60,0,0
1500002138,39.8053100,54.5704900,1,60,0,0
1500002139,39.7797500,54.5712220,1,60,0,0
1500002140,39.7988610,54.5741110,1,60,0,0
1500002141,39.8094170,54.5753330,1,60,0,0
1500002142,39.7750830,54.5765830,1,60,0,0
1500002143,39.7816940,54.5799440,1,60,0,0
1500002144,39.7471800,54.5837700,1,60,0,0
1500002145,39.9636930,54.5858050,1,0,0,0
1500002146,39.7241500,54.5861600,1,60,0,0
1500002147,39.6034000,54.5881500,1,0,0,0
1500002148,39.7011000,54.5898400,1,60,0,0
1500002149,39.6957220,54.5905830,1,60,0,0
1500002150,39.8134720,54.5916390,1,40,0,0
1500002151,39.6104720,54.5920830,3,0,0,0
1500002152,39.7683610,54.5955280,1,60,0,0
1500002153,39.8107000,54.5962300,1,0,0,0
1500002154,39.6605830,54.5975830,1,60,0,0
1500002155,39.6467870,54.6014250,1,60,0,0
1500002156,39.8619520,54.6024000,1,40,0,0
1500002157,39.8213060,54.6030000,1,60,0,0
1500002158,39.7995280,54.6043060,1,60,0,0
1500002159,39.7121300,54.6054800,1,40,0,0
1500002160,39.7616600,54.6094100,3,60,0,0
1500002161,39.7588890,54.6095830,1,40,0,0
1500002162,39.7804170,54.6096940,3,40,0,0
1500002163,39.7605000,54.6097500,3,0,0,0
1500002164,39.8030100,54.6097700,1,0,0,0
1500002165,39.7799170,54.6098330,3,0,0,0
1500002166,39.7616940,54.6099170,3,0,0,0
1500002167,39.7919440,54.6123060,3,0,0,0
1500002168,39.8368330,54.6131390,1,40,0,0
1500002169,39.6378400,54.6135040,1,60,0,0
1500002170,39.7426110,54.6147220,3,0,0,0
1500002171,39.6942600,54.6147700,1,0,0,0
1500002172,39.6511940,54.6163890,1,60,0,0
1500002173,39.8070760,54.6169510,1,40,0,0
1500002174,39.6371300,54.6170500,1,60,0,0
1500002175,39.7583330,54.6170560,3,0,0,0
1500002176,39.6566700,54.6192200,1,60,0,0
1500002177,39.7910830,54.6198330,1,40,0,0
1500002178,39.7521110,54.6198890,1,40,0,0
1500002179,39.7975000,54.6211390,3,0,0,0
1500002180,39.7833890,54.6219170,3,0,0,0
1500002181,39.7524720,54.6242500,1,40,0,0
1500002182,39.9872500,54.6246670,1,60,0,0
1500002183,39.7761390,54.6247780,1,40,0,0
1500002184,39.7489440,54.6263890,1,40,0,0
1500002185,39.6352000,54.6271000,1,60,0,0
1500002186,39.7489270,54.6283400,1,0,0,0
1500002187,39.7452500,54.6286110,1,40,0,0
1500002188,39.7138060,54.6289170,1,60,0,0
1500002189,39.7161940,54.6289440,3,0,0,0
1500002190,39.7880900,54.6290500,1,60,0,0
1500002191,39.7132500,54.6291110,1,60,0,0
1500002192,39.7246110,54.6291390,3,0,0,0
1500002193,39.7277220,54.6291390,3,0,0,0
1500002194,39.7246940,54.6291670,3,60,0,0
1500002195,39.7325280,54.6293060,3,0,0,0
1500002196,39.7265830,54.6293890,3,0,0,0
1500002197,39.7069440,54.6300560,1,60,0,0
1500002198,39.7427500,54.6300800,1,60,0,0
1500002199,39.7720300,54.6306400,1,40,0,0
1500002200,39.7014440,54.6317500,3,0,0,0
1500002201,39.6955500,54.6339000,1,0,0,0
1500002202,39.6925600,54.6345250,1,60,0,0
1500002203,39.6897910,54.6353840,1,0,0,0
1500002204,39.7743610,54.6363060,1,60,0,0
1500002205,39.6867500,54.6366670,1,60,0,0
1500002206,39.7818890,54.6381110,1,40,0,0
1500002207,39.6784440,54.6389720,3,0,0,0
1500002208,39.6743330,54.6401670,1,60,0,0
1500002209,39.6750560,54.6402220,1,60,0,0
1500002210,39.6366940,54.6403890,1,60,0,0
1500002211,39.7190460,54.6409970,1,60,0,0
1500002212,39.7151150,54.6411640,1,60,0,0
1500002213,39.6698700,54.6415000,1,0,0,0
1500002214,39.7146790,54.6415620,1,60,0,0
1500002215,39.6605830,54.6448890,3,0,0,0
1500002216,39.7597500,54.6449000,1,0,0,0
1500002217,39.6411390,54.6458610,1,60,0,0
1500002218,39.6538610,54.6471670,1,60,0,0
1500002219,39.9304460,54.6496510,1,60,0,0
1500002220,39.6933260,54.6526780,1,60,0,0
1500002221,39.6360100,54.6572800,1,40,0,0
1500002222,39.6152780,54.6602780,1,60,0,0
1500002223,39.6680560,54.6603330,3,0,0,0
1500002224,39.6148610,54.6608890,1,60,0,0
1500002225,39.8224440,54.6632780,1,90,0,0
1500002226,39.5980200,54.6664000,1,60,0,0
1500002227,39.5603330,54.6804720,1,70,0,0
1500002228,39.5583060,54.6812220,1,70,0,0
1500002229,39.5235830,54.6995560,1,70,0,0
1500002230,39.5207780,54.7007220,1,70,0,0
1500002231,39.8465000,54.7086110,1,50,0,0
1500002232,39.8458060,54.7086940,1,50,0,0
1500002233,39.8363000,54.7173970,1,60,0,0
1500002234,39.4827500,54.7207500,1,70,0,0
1500002235,39.4796940,54.7219720,1,70,0,0
1500002236,39.4671390,54.7284170,1,50,0,0
1500002237,39.4650830,54.7298610,1,50,0,0
1500002238,39.4223890,54.7516110,1,50,0,0
1500002239,39.8387780,54.7539440,1,50,0,0
1500002240,39.4059600,54.7603400,1,0,0,0
1500002241,39.3711110,54.7782500,1,50,0,0
1500002242,39.3676110,54.7798330,1,50,0,0
1500002243,39.8662300,54.7819700,1,70,0,0
1500002244,39.9137700,54.8283600,1,90,0,0
1500002245,39.9943400,54.9245800,1,0,0,0
1500002246,41.4010750,54.9647220,1,50,0,0
1500002247,39.9486000,54.9670100,1,0,0,0
1500002248,39.9692220,55.0308330,1,60,0,0
1500002249,41.1733160,55.0516510,1,40,0,0
1500002250,40.4241800,55.1434600,1,70,0,0
1500002251,40.5153610,55.1467220,1,60,0,0
1500002252,40.2753000,55.1521800,1,50,0,0
1500002253,40.1559440,55.1725280,1,0,0,0
1500002254,60.8727780,56.2475000,1,0,0,0
1500002255,60.8669440,56.3080560,1,0,0,0
1500002256,61.9183330,56.3413890,1,90,0,0
1500002257,60.8664360,56.3772700,1,90,0,0
1500002258,62.0271610,56.3960670,1,0,0,0
1500002259,62.0277320,56.3960850,1,0,0,0
1500002260,61.7855560,56.4116670,1,0,0,0
1500002261,60.8736110,56.4133330,1,90,0,0
1500002262,60.8733330,56.4136110,1,90,0,0
1500002263,61.6292300,56.4701900,1,60,0,0
1500002264,61.6296090,56.4702770,1,60,0,0
1500002265,61.5227780,56.4877780,1,0,0,0
1500002266,61.4730560,56.5036110,1,90,0,0
1500002267,61.3983330,56.5394440,1,90,0,0
1500002268,60.8814660,56.5526050,1,90,0,0
1500002269,60.8713180,56.5617380,1,90,0,0
1500002270,60.8608330,56.5711100,1,0,0,0
1500002271,60.3143080,56.5736810,1,70,0,0
1500002272,60.8588900,56.5753100,1,0,0,0
1500002273,61.3074100,56.5906260,1,90,0,0
1500002274,61.2968140,56.6171460,1,0,0,0
1500002275,60.3609350,56.6255240,1,0,0,0
1500002276,60.8143840,56.6293620,1,90,0,0
1500002277,61.2525060,56.6360970,1,0,0,0
1500002278,60.8093950,56.6370000,1,90,0,0
1500002279,60.4259450,56.6578430,1,70,0,0
1500002280,61.1697920,56.6603050,1,90,0,0
1500002281,61.1436110,56.6725000,1,70,0,0
1500002282,61.1427780,56.6730560,1,70,0,0
1500002283,60.7662240,56.6890780,1,90,0,0
1500002284,60.7663480,56.6893270,1,90,0,0
1500002285,60.5203440,56.6936870,1,40,0,0
1500002286,60.7527780,56.6952780,1,0,0,0
1500002287,60.5985600,56.6979640,1,90,0,0
1500002288,61.0860330,56.6997150,1,90,0,0
1500002289,60.6663740,56.7018660,1,90,0,0
1500002290,60.6663170,56.7018800,1,90,0,0
1500002291,60.5613890,56.7052780,1,0,0,0
1500002292,60.8268900,56.7155700,1,60,0,0
1500002293,60.5698950,56.7178980,1,90,0,0
1500002294,60.5699080,56.7179050,1,90,0,0
1500002295,61.0496390,56.7212500,1,90,0,0
1500002296,60.6989330,56.7224160,1,90,0,0
1500002297,60.5880020,56.7244220,1,0,0,0
1500002298,60.5880560,56.7244440,1,0,0,0
1500002299,61.0531500,56.7337380,1,90,0,0
1500002300,61.0531920,56.7340240,1,90,0,0
1500002301,61.0877780,56.7352780,1,0,0,0
1500002302,61.2470120,56.7400200,1,90,0,0
1500002303,61.1838890,56.7408330,1,0,0,0
1500002304,61.0045170,56.7412090,1,0,0,0
1500002305,61.2147220,56.7413890,1,0,0,0
1500002306,60.7002940,56.7422260,1,40,0,0
1500002307,60.6883200,56.7465970,3,60,0,0
1500002308,60.6829640,56.7480800,1,60,0,0
1500002309,60.7507740,56.7494600,1,90,0,0
1500002310,60.5172760,56.7528660,1,90,0,0
1500002311,60.9588890,56.7530560,1,0,0,0
1500002312,60.6995800,56.7538000,1,60,0,0
1500002313,61.3354040,56.7544790,1,60,0,0
1500002314,60.6094650,56.7557440,3,60,0,0
1500002315,60.7075690,56.7557450,3,0,0,0
1500002316,61.3889490,56.7568010,1,0,0,0
1500002317,60.6731720,56.7568870,1,60,0,0
1500002318,62.3241670,56.7580560,1,0,0,0
1500002319,60.6106070,56.7585140,3,0,0,0
1500002320,61.4086110,56.7586110,1,0,0,0
1500002321,60.7789200,56.7613300,1,90,0,0
1500002322,60.7818300,56.7615700,1,90,0,0
1500002323,60.5733700,56.7622830,1,40,0,0
1500002324,60.6133330,56.7641670,1,0,0,0
1500002325,60.6703470,56.7683680,1,60,0,0
1500002326,60.6148760,56.7692530,1,60,0,0
1500002327,60.5952570,56.7695120,1,60,0,0
1500002328,60.7272100,56.7711900,1,90,0,0
1500002329,61.4447680,56.7713860,1,60,0,0
1500002330,61.1980560,56.7733330,1,0,0,0
1500002331,60.7202500,56.7733600,1,90,0,0
1500002332,60.6133460,56.7737430,1,60,0,0
1500002333,61.8466150,56.7742770,1,0,0,0
1500002334,60.8322030,56.7757700,3,40,0,0
1500002335,60.5520060,56.7761300,3,0,0,0
1500002336,61.5475000,56.7763890,1,0,0,0
1500002337,61.9908330,56.7766670,1,90,0,0
1500002338,61.2605560,56.7786110,1,0,0,0
1500002339,60.7963680,56.7790270,1,40,0,0
1500002340,60.7947860,56.7796090,1,0,0,0
1500002341,60.5981670,56.7810630,3,0,0,0
1500002342,60.6554370,56.7812420,3,0,0,0
1500002343,60.6311180,56.7814130,1,60,0,0
1500002344,57.9147220,56.7819440,1,0,0,0
1500002345,61.3700000,56.7819440,1,0,0,0
1500002346,60.5613400,56.7821900,1,60,0,0
1500002347,61.7719440,56.7827780,1,0,0,0
1500002348,60.6966300,56.7829300,1,90,0,0
1500002349,60.5195600,56.7832550,1,60,0,0
1500002350,60.6535030,56.7832570,1,60,0,0
1500002351,60.7816800,56.7833000,1,50,0,0
1500002352,60.6940400,56.7836600,1,90,0,0
1500002353,60.4304300,56.7839350,1,90,0,0
1500002354,60.4304700,56.7840800,1,90,0,0
1500002355,60.6519620,56.7841530,1,60,0,0
1500002356,60.6510200,56.7849850,1,60,0,0
1500002357,60.6073750,56.7853160,3,60,0,0
1500002358,59.4591670,56.7863890,1,0,0,0
1500002359,60.5980530,56.7864020,1,60,0,0
1500002360,60.5980400,56.7864530,1,60,0,0
1500002361,60.6319000,56.7877400,1,80,0,0
1500002362,60.6467500,56.7881930,1,60,0,0
1500002363,60.6057850,56.7888490,1,60,0,0
1500002364,60.5700000,56.7891800,1,60,0,0
1500002365,60.5764110,56.7905830,1,60,0,0
1500002366,60.6445770,56.7911400,1,60,0,0
1500002367,60.5727880,56.7917630,3,60,0,0
1500002368,60.5201640,56.7922710,1,60,0,0
1500002369,60.6426430,56.7923160,3,60,0,0
1500002370,60.5696660,56.7927910,1,60,0,0
1500002371,60.5221440,56.7931140,3,60,0,0
1500002372,60.6600000,56.7932000,1,90,0,0
1500002373,60.6591400,56.7934500,1,90,0,0
1500002374,60.5237390,56.7942470,1,60,0,0
1500002375,60.8205560,56.7950000,1,0,0,0
1500002376,58.6230200,56.7959560,1,90,0,0
1500002377,57.8675860,56.7962050,1,0,0,0
1500002378,60.5957700,56.7962800,3,60,0,0
1500002379,60.5274890,56.7962880,1,60,0,0
1500002380,58.6255500,56.7965660,1,90,0,0
1500002381,60.5300220,56.7975850,1,60,0,0
1500002382,60.5803720,56.7976300,3,0,0,0
1500002383,60.6350750,56.7976490,3,0,0,0
1500002384,60.6314770,56.7992540,3,60,0,0
1500002385,60.8079530,56.7993100,1,0,0,0
1500002386,60.6119540,56.8002800,1,60,0,0
1500002387,60.6299240,56.8007700,3,60,0,0
1500002388,60.5351990,56.8008910,1,60,0,0
1500002389,60.7800800,56.8016300,1,70,0,0
1500002390,60.5862090,56.8018370,3,60,0,0
1500002391,60.6363100,56.8022400,3,0,0,0
1500002392,60.6474840,56.8027000,3,0,0,0
1500002393,60.6275140,56.8031400,3,60,0,0
1500002394,60.6331600,56.8041820,1,60,0,0
1500002395,60.6512450,56.8051620,1,80,0,0
1500002396,60.6513000,56.8051980,1,80,0,0
1500002397,60.7220820,56.8062770,1,0,0,0
1500002398,60.5913890,56.8065260,3,60,0,0
1500002399,60.5921780,56.8066410,3,60,0,0
1500002400,60.6242030,56.8070050,3,60,0,0
1500002401,60.6011350,56.8077300,3,60,0,0
1500002402,60.4973370,56.8079300,1,60,0,0
1500002403,60.6103290,56.8088610,3,60,0,0
1500002404,60.5490850,56.8090620,1,60,0,0
1500002405,60.5081100,56.8100360,3,60,0,0
1500002406,60.6230810,56.8100590,3,60,0,0
1500002407,60.7913890,56.8105560,1,0,0,0
1500002408,60.6305500,56.8107110,3,60,0,0
1500002409,60.7074550,56.8108940,1,50,0,0
1500002410,60.6289280,56.8124250,1,60,0,0
1500002411,60.5899300,56.8130450,1,60,0,0
1500002412,60.5169530,56.8132320,3,0,0,0
1500002413,60.5850400,56.8132400,1,40,0,0
1500002414,60.5900950,56.8133790,1,60,0,0
1500002415,60.5901370,56.8142130,3,60,0,0
1500002416,60.6005820,56.8152240,1,60,0,0
1500002417,60.5123300,56.8156470,1,60,0,0
1500002418,60.5123630,56.8156630,1,60,0,0
1500002419,60.7358830,56.8160620,1,90,0,0
1500002420,60.7359480,56.8161970,1,90,0,0
1500002421,60.6202550,56.8167080,3,60,0,0
1500002422,60.5634990,56.8171810,3,60,0,0
1500002423,60.6204460,56.8174100,3,60,0,0
1500002424,60.6066910,56.8177180,3,0,0,0
1500002425,60.5564670,56.8184230,1,60,0,0
1500002426,60.6201030,56.8186040,3,0,0,0
1500002427,60.5379300,56.8189600,3,60,0,0
1500002428,60.5581280,56.8191640,3,0,0,0
1500002429,60.5880930,56.8194170,1,60,0,0
1500002430,60.5874950,56.8200450,1,60,0,0
1500002431,60.6193900,56.8203700,3,0,0,0
1500002432,60.5585530,56.8203890,1,60,0,0
1500002433,60.5542860,56.8204240,1,60,0,0
1500002434,59.5697220,56.8208330,1,0,0,0
1500002435,59.5695040,56.8208490,1,0,0,0
1500002436,60.5005610,56.8219570,3,0,0,0
1500002437,60.6187770,56.8223310,3,0,0,0
1500002438,60.6185250,56.8230490,3,0,0,0
1500002439,60.6111900,56.8232200,1,0,0,0
1500002440,62.5955280,56.8238370,1,40,0,0
1500002441,60.6177250,56.8242190,3,60,0,0
1500002442,60.5668930,56.8251290,3,60,0,0
1500002443,60.6038100,56.8252530,1,0,0,0
1500002444,60.5853610,56.8252680,3,60,0,0
1500002445,59.9797220,56.8258330,1,0,0,0
1500002446,60.6378670,56.8258860,3,0,0,0
1500002447,60.6041560,56.8259600,1,0,0,0
1500002448,60.4985250,56.8260670,1,90,0,0
1500002449,60.4984830,56.8260750,1,90,0,0
1500002450,60.4448200,56.8262150,1,90,0,0
1500002451,60.4448220,56.8262150,1,90,0,0
1500002452,59.8794200,56.8263920,1,0,0,0
1500002453,60.5345730,56.8267970,3,60,0,0
1500002454,60.5345800,56.8268240,3,60,0,0
1500002455,60.6023830,56.8270030,3,0,0,0
1500002456,60.5345970,56.8270410,3,60,0,0
1500002457,60.6842080,56.8271780,1,60,0,0
1500002458,60.5674700,56.8280000,3,0,0,0
1500002459,60.6808600,56.8281270,1,60,0,0
1500002460,60.6167100,56.8287600,3,0,0,0
1500002461,60.5840640,56.8291090,3,0,0,0
1500002462,60.5710220,56.8294680,3,0,0,0
1500002463,60.5673300,56.8296400,3,60,0,0
1500002464,60.5620770,56.8302000,3,60,0,0
1500002465,60.6360100,56.8309000,3,0,0,0
1500002466,60.5454370,56.8313180,3,60,0,0
1500002467,60.5767100,56.8319900,1,60,0,0
1500002468,60.5833740,56.8322030,3,60,0,0
1500002469,60.6151470,56.8328020,3,0,0,0
1500002470,60.5897000,56.8328550,3,60,0,0
1500002471,60.3138890,56.8330560,1,90,0,0
1500002472,60.3308330,56.8330560,1,0,0,0
1500002473,60.5927370,56.8332130,1,0,0,0
1500002474,60.5916040,56.8332430,1,0,0,0
1500002475,60.3141670,56.8333330,1,90,0,0
1500002476,60.5960920,56.8336030,1,60,0,0
1500002477,60.5954080,56.8337150,1,60,0,0
1500002478,60.5453700,56.8338030,1,60,0,0
1500002479,60.5457000,56.8343980,1,60,0,0
1500002480,60.6948550,56.8346500,3,60,0,0
1500002481,60.6069870,56.8348440,3,60,0,0
1500002482,60.5677700,56.8352620,3,60,0,0
1500002483,60.5616610,56.8357280,3,0,0,0
1500002484,60.5824700,56.8358800,3,0,0,0
1500002485,60.5822170,56.8362010,3,0,0,0
1500002486,60.6216130,56.8362120,3,0,0,0
1500002487,60.5843100,56.8363170,3,0,0,0
1500002488,60.6230930,56.8363270,3,0,0,0
1500002489,60.5836630,56.8363390,3,0,0,0
1500002490,60.6120390,56.8363880,3,0,0,0
1500002491,60.5863060,56.8365050,3,0,0,0
1500002492,60.6249460,56.8365330,3,0,0,0
1500002493,60.5862550,56.8366140,3,0,0,0
1500002494,60.5877880,56.8366670,3,0,0,0
1500002495,60.6125360,56.8367640,3,0,0,0
1500002496,60.6271800,56.8367980,3,0,0,0
1500002497,60.5891190,56.8368040,3,0,0,0
1500002498,60.5883830,56.8368350,3,0,0,0
1500002499,60.5905490,56.8369350,3,0,0,0
1500002500,60.5898540,56.8369770,3,0,0,0
1500002501,60.6272530,56.8370030,3,0,0,0
1500002502,60.6286060,56.8370050,3,0,0,0
1500002503,60.5919320,56.8370820,3,0,0,0
1500002504,60.5912500,56.8371150,3,0,0,0
1500002505,60.6298670,56.8371560,3,0,0,0
1500002506,60.6285320,56.8371860,3,0,0,0
1500002507,60.5939240,56.8372840,3,0,0,0
1500002508,60.5933170,56.8373230,3,0,0,0
1500002509,60.6316000,56.8373390,3,0,0,0
1500002510,60.6333580,56.8374100,3,60,0,0
1500002511,60.6354050,56.8378910,3,0,0,0
1500002512,60.6120550,56.8380930,3,0,0,0
1500002513,60.6114680,56.8381100,3,0,0,0
1500002514,60.6039100,56.8382030,1,60,0,0
1500002515,60.3197220,56.8383330,1,0,0,0
1500002516,60.6355940,56.8384150,3,0,0,0
1500002517,60.6038420,56.8385000,1,60,0,0
1500002518,60.3197220,56.8386110,1,0,0,0
1500002519,60.6367900,56.8386650,3,0,0,0
1500002520,60.6374900,56.8387480,3,0,0,0
1500002521,60.6396990,56.8388170,3,0,0,0
1500002522,60.6390950,56.8389010,3,0,0,0
1500002523,60.6407140,56.8389030,3,0,0,0
1500002524,60.6419150,56.8390700,3,0,0,0
1500002525,60.6419480,56.8392240,3,0,0,0
1500002526,60.6114340,56.8392310,3,60,0,0
1500002527,60.6434540,56.8394350,3,0,0,0
1500002528,60.6455750,56.8394570,3,0,0,0
1500002529,60.5624850,56.8395580,3,0,0,0
1500002530,60.5701100,56.8396530,3,60,0,0
1500002531,60.6472660,56.8397140,3,0,0,0
1500002532,60.6514020,56.8400310,3,0,0,0
1500002533,60.5981390,56.8402470,1,60,0,0
1500002534,60.6203200,56.8404000,3,0,0,0
1500002535,60.6598320,56.8409420,3,0,0,0
1500002536,60.6105960,56.8411370,3,0,0,0
1500002537,60.1933330,56.8416670,1,0,0,0
1500002538,60.6779630,56.8418850,3,0,0,0
1500002539,60.0980560,56.8419440,1,90,0,0
1500002540,60.6909830,56.8428230,3,0,0,0
1500002541,60.5830700,56.8428460,3,0,0,0
1500002542,60.6098860,56.8431100,1,60,0,0
1500002543,60.6097220,56.8436110,1,60,0,0
1500002544,60.2084580,56.8436660,3,90,0,0
1500002545,60.7005770,56.8440250,1,0,0,0
1500002546,60.2125000,56.8441670,1,90,0,0
1500002547,60.2129000,56.8444300,3,90,0,0
1500002548,60.6096950,56.8456300,1,60,0,0
1500002549,60.5871220,56.8460430,1,60,0,0
1500002550,60.5612790,56.8464130,3,0,0,0
1500002551,60.6687220,56.8464270,1,60,0,0
1500002552,60.0811110,56.8469440,1,90,0,0
1500002553,60.6085280,56.8478850,3,60,0,0
1500002554,60.6694620,56.8487870,1,60,0,0
1500002555,60.6169360,56.8489270,3,0,0,0
1500002556,60.5916070,56.8492250,3,60,0,0
1500002557,60.6409190,56.8509520,3,0,0,0
1500002558,60.5565340,56.8513800,1,60,0,0
1500002559,60.6221250,56.8517010,1,40,0,0
1500002560,60.5540440,56.8517150,1,60,0,0
1500002561,60.5538050,56.8519840,1,60,0,0
1500002562,60.5533870,56.8528560,3,60,0,0
1500002563,60.5509620,56.8551520,1,60,0,0
1500002564,60.5507410,56.8553530,1,60,0,0
1500002565,60.6341550,56.8556900,1,60,0,0
1500002566,60.6034580,56.8560640,3,60,0,0
1500002567,60.6065340,56.8568920,1,0,0,0
1500002568,60.6122970,56.8575290,3,60,0,0
1500002569,60.6154630,56.8575940,3,0,0,0
1500002570,60.6539080,56.8576320,3,0,0,0
1500002571,57.7038890,56.8577780,1,0,0,0
1500002572,59.7150000,56.8577780,1,0,0,0
1500002573,57.6993750,56.8586460,1,0,0,0
1500002574,60.6328930,56.8623540,3,0,0,0
1500002575,60.5501010,56.8628010,1,60,0,0
1500002576,60.5501220,56.8630460,1,60,0,0
1500002577,62.7797220,56.8633330,1,0,0,0
1500002578,62.7813890,56.8633330,1,0,0,0
1500002579,60.5373650,56.8644640,1,40,0,0
1500002580,60.6689040,56.8647940,1,60,0,0
1500002581,60.5503730,56.8653490,3,0,0,0
1500002582,60.6339000,56.8669300,3,60,0,0
1500002583,60.5455630,56.8671870,3,60,0,0
1500002584,60.5654400,56.8672180,1,60,0,0
1500002585,60.6119980,56.8684680,1,60,0,0
1500002586,60.0488750,56.8698170,1,0,0,0
1500002587,60.5490230,56.8709220,3,0,0,0
1500002588,60.5300000,56.8736110,1,0,0,0
1500002589,62.6985550,56.8745930,1,90,0,0
1500002590,62.7007080,56.8753280,1,90,0,0
1500002591,60.5541500,56.8754960,3,0,0,0
1500002592,60.6115490,56.8755380,3,0,0,0
1500002593,60.0270770,56.8761630,1,60,0,0
1500002594,60.6105800,56.8779790,3,60,0,0
1500002595,60.6520550,56.8787400,1,60,0,0
1500002596,60.5580400,56.8801200,3,60,0,0
1500002597,60.5180890,56.8809740,3,0,0,0
1500002598,60.6931300,56.8817480,3,0,0,0
1500002599,60.6124820,56.8823550,1,60,0,0
1500002600,60.6950400,56.8824400,1,0,0,0
1500002601,57.6244440,56.8825000,1,90,0,0
1500002602,60.5624770,56.8837550,3,0,0,0
1500002603,60.7169230,56.8841820,1,60,0,0
1500002604,60.5766770,56.8846890,3,0,0,0
1500002605,60.7216670,56.8847220,1,0,0,0
1500002606,60.5635830,56.8854400,3,0,0,0
1500002607,60.6443750,56.8854980,3,60,0,0
1500002608,60.5952020,56.8860880,1,60,0,0
1500002609,60.6009330,56.8865170,1,60,0,0
1500002610,60.5261600,56.8868200,1,60,0,0
1500002611,60.6140580,56.8871300,3,60,0,0
1500002612,60.6065830,56.8872300,3,0,0,0
1500002613,60.6137610,56.8900480,3,60,0,0
1500002614,60.5985950,56.8901560,3,0,0,0
1500002615,60.6384770,56.8902300,1,60,0,0
1500002616,60.4851410,56.8904830,3,0,0,0
1500002617,60.7765000,56.8905000,1,0,0,0
1500002618,60.4155980,56.8907530,1,50,0,0
1500002619,60.6373630,56.8917080,3,0,0,0
1500002620,60.5716970,56.8923000,3,0,0,0
1500002621,60.6145590,56.8934900,3,60,0,0
1500002622,60.5751670,56.8953380,1,60,0,0
1500002623,60.5275100,56.8960520,1,90,0,0
1500002624,60.5274630,56.8960570,1,90,0,0
1500002625,60.6059400,56.8961400,3,60,0,0
1500002626,60.6147230,56.8961830,1,0,0,0
1500002627,60.5757700,56.8962600,1,60,0,0
1500002628,60.5776370,56.8977050,3,0,0,0
1500002629,60.6146770,56.8985140,1,0,0,0
1500002630,60.5952780,56.9002780,3,60,0,0
1500002631,60.6138990,56.9004550,3,0,0,0
1500002632,60.5946160,56.9008960,3,60,0,0
1500002633,60.5831500,56.9019200,3,0,0,0
1500002634,60.6247000,56.9024400,3,0,0,0
1500002635,60.6141600,56.9026380,1,60,0,0
1500002636,60.5866470,56.9040180,3,0,0,0
1500002637,60.5991200,56.9043500,3,0,0,0
1500002638,60.6134680,56.9064250,3,0,0,0
1500002639,60.5890400,56.9066540,1,60,0,0
1500002640,60.5926600,56.9094000,3,60,0,0
1500002641,63.1158330,56.9108330,1,0,0,0
1500002642,60.7582360,56.9137500,1,90,0,0
1500002643,60.6112060,56.9140550,3,60,0,0
1500002644,60.6131800,56.9243900,1,60,0,0
1500002645,60.7611110,56.9280560,3,0,0,0
1500002646,60.4919970,56.9320450,1,90,0,0
1500002647,60.4927780,56.9322220,1,90,0,0
1500002648,63.1867180,56.9338540,1,0,0,0
1500002649,60.6705560,56.9413890,1,0,0,0
1500002650,60.5127570,56.9417220,1,90,0,0
1500002651,60.7844100,56.9526900,1,50,0,0
1500002652,60.7950000,56.9600000,1,0,0,0
1500002653,63.2419440,56.9800000,1,0,0,0
1500002654,63.2486110,56.9819440,1,0,0,0
1500002655,60.5646630,57.0026660,1,70,0,0
1500002656,60.5643110,57.0035550,1,70,0,0
1500002657,60.5193020,57.0037760,1,0,0,0
1500002658,60.8622220,57.0050000,1,0,0,0
1500002659,60.5418200,57.0176800,1,70,0,0
1500002660,60.5425100,57.0179600,1,70,0,0
1500002661,60.8863890,57.0352780,1,0,0,0
1500002662,60.4975000,57.0458330,1,0,0,0
1500002663,60.4213890,57.0633330,1,0,0,0
1500002664,60.4205560,57.0675000,1,0,0,0
1500002665,64.5447220,57.0733330,1,0,0,0
1500002666,64.8059380,57.0747030,1,0,0,0
1500002667,60.3966670,57.0755560,1,0,0,0
1500002668,60.9263890,57.0777780,1,0,0,0
1500002669,63.8788930,57.0885030,1,90,0,0
1500002670,63.8786200,57.0887800,1,90,0,0
1500002671,60.9391670,57.0891670,1,0,0,0
1500002672,60.3591670,57.0983330,1,0,0,0
1500002673,60.3475040,57.1073180,1,0,0,0
1500002674,60.9863890,57.1122220,1,0,0,0
1500002675,61.0615160,57.1328770,1,0,0,0
1500002676,61.0844840,57.1366100,1,60,0,0
1500002677,61.0944800,57.1455700,1,0,0,0
1500002678,60.2727780,57.1697220,1,0,0,0
1500002679,61.1116670,57.1908330,1,0,0,0
1500002680,61.1212430,57.2109450,1,70,0,0
1500002681,60.2597220,57.2211110,1,0,0,0
1500002682,60.2791670,57.2494440,1,0,0,0
1500002683,60.2838890,57.2627780,1,0,0,0
1500002684,60.2841670,57.2627780,1,0,0,0
1500002685,61.2136110,57.2686110,1,0,0,0
1500002686,60.2938890,57.3000000,1,0,0,0
1500002687,61.2722220,57.3033330,1,0,0,0
1500002688,60.2638890,57.3038890,1,0,0,0
1500002689,61.4027780,57.3466670,1,0,0,0
1500002690,60.2227780,57.3816670,1,0,0,0
1500002691,60.2169440,57.4011110,1,0,0,0
1500002692,61.4802780,57.4019440,1,0,0,0
1500002693,60.2102780,57.4169440,1,0,0,0
1500002694,61.4941670,57.4225000,1,0,0,0
1500002695,60.1880560,57.5536110,1,0,0,0
1500002696,60.1263890,57.6902780,1,0,0,0
1500002697,60.1258330,57.6986110,1,0,0,0
1500002698,60.1236110,57.7075000,1,0,0,0
1500002699,60.1238890,57.7075000,1,0,0,0
1500002700,59.9934500,57.7771570,1,50,0,0
1500002701,60.0541970,57.8003320,1,60,0,0
1500002702,61.7318570,57.8339530,1,60,0,0
1500002703,60.0290000,57.8635370,1,40,0,0
1500002704,60.0169800,57.8840300,1,60,0,0
1500002705,59.8308330,57.8936110,1,0,0,0
1500002706,59.8438890,57.9197220,1,0,0,0
1500002707,59.8886110,57.9658330,1,0,0,0
1500002708,59.8511960,58.0009770,1,50,0,0
1500002709,59.8477380,58.0100180,1,0,0,0
1500002710,59.8956600,58.0715800,1,50,0,0
1500002711,59.8980560,58.0891670,1,0,0,0
1500002712,59.8815500,58.1062000,1,50,0,0
1500002713,59.8738890,58.1983330,1,0,0,0
1500002714,59.8602780,58.2480560,1,0,0,0
1500002715,59.8926200,58.3333110,1,0,0,0
1500002716,59.8926260,58.3334070,1,0,0,0
1500002717,59.8688890,58.4536110,1,0,0,0
1500002718,59.9197220,58.5511110,1,0,0,0
1500002719,59.9405560,58.5813890,1,0,0,0
1500002720,59.9945030,58.6395380,1,90,0,0
1500002721,60.2586110,58.7336110,1,0,0,0
1500002722,60.5444440,59.0325000,1,0,0,0
1500002723,60.4618000,59.2024300,1,70,0,0
1500002724,60.4713890,59.2600000,1,0,0,0
1500002725,60.4633800,59.3611100,1,70,0,0
1500002726,60.4822220,59.4575000,1,0,0,0
1500002727,60.5127780,59.4833330,1,0,0,0
1500002728,60.5503270,59.5402070,1,90,0,0
